Binaria,Ordinal,rpb,pvalue,Bin_0,Bin_1,Missing
Fuma,Intensidade da dor nas pernas,0.275285818,0.006213249,135,46,21
Fuma,BPI - Atividde geral,0.25103823,0.033402057,98,34,23
Fuma,BPI - Sono,0.300336275,0.01062666,98,34,23
Fuma,Ord_RMDQ,0.386978517,0.005112525,97,19,19
Cirurgia na coluna,Há quanto tempo em São Paulo se de outro local,-0.613130017,0.030380515,14,7,4
Cirurgia na coluna,Quantidade de cirurgias na coluna,0.863549538,2.83E-19,75,55,16
Cirurgia na coluna,Intensidade da dor nas pernas,0.254094569,0.006357273,110,74,18
Cirurgia na coluna,SF12_M1_1_v1,-0.203695499,0.022031735,129,77,26
Aposentado,Trabalho_Cansativo,-0.505101728,7.79E-06,105,34,0
Aposentado,IDADE,0.585949993,1.58E-08,155,33,14
Desempregado,Trabalho_Cansativo,-0.383928223,0.001295358,108,29,2
Desempregado,Dor_costas_VAS,0.335081414,0.003568273,137,28,16
Licenca_Medica,Trabalho_Cansativo,-0.312595801,0.020472598,121,18,0
Licenca_Medica,Intensidade da dor nas pernas,0.337853971,0.006449868,168,19,15
Licenca_Medica,BPI - Atividde geral,0.385243317,0.007115681,116,15,24
Licenca_Medica,BPI - Humor,0.336758885,0.019040137,116,15,24
Licenca_Medica,BPI - Habilidade de caminhar,0.283885722,0.04878824,116,15,24
Aposentado_Invalidez,Quantidade de cirurgias na coluna,0.668878111,0.002317888,113,4,29
Aposentado_Invalidez,Licenca_Tempo,0.9999,0.000170946,4,2,0
Aposentado_Invalidez,Andar_velocidade,-0.408420075,0.018079497,124,8,3
Aposentado_Invalidez,Intensidade da dor nas pernas,0.663110193,3.51E-05,177,8,17
Aposentado_Invalidez,Oswestry1_v1,0.436677093,0.006868299,183,8,41
Aposentado_Invalidez,Oswestry2_v1,0.366500737,0.023684733,183,8,41
Aposentado_Invalidez,Oswestry3_v1,0.34821499,0.031721181,183,8,41
Aposentado_Invalidez,Oswestry4_v1,0.319942658,0.048653028,183,8,41
Aposentado_Invalidez,Oswestry5_v1,0.353751184,0.029073578,183,8,41
Aposentado_Invalidez,Oswestry8_v1,0.335844372,0.038385999,183,8,41
Aposentado_Invalidez,Oswestry9_v1,0.372821578,0.021348202,183,8,41
Aposentado_Invalidez,Oswestry10_v1,0.436148824,0.006937511,183,8,41
Aposentado_Invalidez,Somatoria_Owestry,0.384908722,0.017430145,183,8,41
Aposentado_Invalidez,SF12_M1_1_v1,0.442330532,0.006165242,183,8,41
Aposentado_Invalidez,SF12_M1_2_v1,-0.457555527,0.004580609,183,8,41
Aposentado_Invalidez,SF12_M1_3_v1,-0.484924144,0.002623365,183,8,41
Aposentado_Invalidez,SF12_M1_4_v1,-0.400020717,0.013422774,183,8,41
Aposentado_Invalidez,SF12_M1_5_v1,-0.428425665,0.008022768,183,8,41
Aposentado_Invalidez,SF12_M1_6_v1,-0.333337421,0.039871595,183,8,41
Aposentado_Invalidez,SF12_M1_7_v1,-0.418648649,0.009611348,183,8,41
Aposentado_Invalidez,SF12_M1_8_v1,0.420950098,0.009214253,183,8,41
Aposentado_Invalidez,SF12_M1_9_v1,-0.3909519,0.015717373,183,8,41
Aposentado_Invalidez,SF12_M1_11_v1,-0.431916877,0.00751478,183,8,41
Aposentado_Invalidez,SF12_M1_12_v1,-0.421827966,0.009066655,183,8,41
Analgésicos,Quantidade de cirurgias na coluna,0.248048683,0.029161074,40,95,11
Analgésicos,Tempo com a dor nas costas,0.633733198,1.32E-09,44,96,2
Analgésicos,Tempo com dor que irradia p/ as pernas,0.429791309,8.20E-05,43,96,2
Analgésicos,Andar_velocidade,-0.4849654,8.77E-06,45,88,2
Analgésicos,Dor_costas_VAS,0.571458484,1.19E-09,57,118,6
Analgésicos,Intensidade da dor nas pernas,0.330692277,0.000333473,63,133,6
Analgésicos,BPI_3_v1,0.226977279,0.011374268,66,147,23
Analgésicos,BPI_4_v1,0.182608027,0.04228129,66,147,23
Analgésicos,BPI_5_v1,0.231807663,0.009718051,66,147,23
Analgésicos,Intensidade da dor no momento,0.525358816,2.85E-06,40,87,4
Analgésicos,Oswestry1_v1,0.266119544,0.003262029,64,145,23
Analgésicos,Oswestry2_v1,0.288394049,0.001402785,64,145,23
Analgésicos,Oswestry4_v1,0.246752119,0.006454631,64,145,23
Analgésicos,Oswestry7_v1,0.227843636,0.012016315,64,145,23
Analgésicos,Oswestry8_v1,0.221760636,0.014540941,64,145,23
Analgésicos,Oswestry9_v1,0.235803667,0.009299542,64,145,23
Analgésicos,Oswestry10_v1,0.225654654,0.012876484,64,145,23
Analgésicos,Somatoria_Owestry,0.237874033,0.008688839,64,145,23
Analgésicos,Ord_RMDQ,0.306823777,0.013828788,29,92,14
Analgésicos,SF12_M1_1_v1,0.374165666,2.91E-05,64,145,23
Analgésicos,SF12_M1_2_v1,-0.381461121,1.99E-05,64,145,23
Analgésicos,SF12_M1_3_v1,-0.334920924,0.000194708,64,145,23
Analgésicos,SF12_M1_4_v1,-0.373420949,3.02E-05,64,145,23
Analgésicos,SF12_M1_5_v1,-0.346032745,0.000116263,64,145,23
Analgésicos,SF12_M1_6_v1,-0.421326705,2.19E-06,64,145,23
Analgésicos,SF12_M1_7_v1,-0.418019909,2.66E-06,64,145,23
Analgésicos,SF12_M1_8_v1,0.307779665,0.000638397,64,145,23
Analgésicos,SF12_M1_9_v1,-0.234904408,0.009576437,64,145,23
Analgésicos,SF12_M1_10_v1,-0.224821902,0.01321765,64,145,23
Analgésicos,SF12_M1_11_v1,-0.309452813,0.00059506,64,145,23
Analgésicos,SF12_M1_12_v1,-0.318530309,0.0004037,64,145,23
OutraDoenca,Há quanto tempo em São Paulo se de outro local,0.73138575,0.002209843,12,13,0
OutraDoenca,Trabalho_Cansativo,-0.225788598,0.039575473,83,52,4
OutraDoenca,Tempo com a dor nas costas,0.245061881,0.023727364,85,53,4
OutraDoenca,IDADE,0.438239655,1.51E-06,119,69,14
OutraDoenca,BPI_3_v1,0.184054562,0.038584339,126,79,31
OutraDoenca,BPI_5_v1,0.207095271,0.019761094,126,79,31
OutraDoenca,BPI - Habilidade de caminhar,0.250776574,0.019528016,83,56,16
OutraDoenca,Oswestry2_v1,0.180631418,0.04492728,125,76,31
Dor nas costas,Quantidade de cirurgias na coluna,0.351023058,0.001404351,55,74,17
Dor nas costas,Tempo com a dor nas costas,0.694225181,9.88E-11,37,100,5
Dor nas costas,Andar_velocidade,-0.395183278,0.000495052,39,93,3
Dor nas costas,Dor_costas_VAS,0.9999,2.96E-48,69,112,0
Dor nas costas,Intensidade da dor nas pernas,0.403336428,4.65E-06,77,124,1
Dor nas costas,BPI_3_v1,0.437429401,4.10E-07,79,128,29
Dor nas costas,BPI_4_v1,0.382860132,1.09E-05,79,128,29
Dor nas costas,BPI_5_v1,0.41563273,1.61E-06,79,128,29
Dor nas costas,Intensidade da dor no momento,0.980412948,5.60E-23,36,91,4
Dor nas costas,Oswestry1_v1,0.29848594,0.000808025,76,126,30
Dor nas costas,Oswestry2_v1,0.299948747,0.000760118,76,126,30
Dor nas costas,Oswestry3_v1,0.214569498,0.01676757,76,126,30
Dor nas costas,Oswestry4_v1,0.267418272,0.002763343,76,126,30
Dor nas costas,Oswestry5_v1,0.198282208,0.02725251,76,126,30
Dor nas costas,Oswestry6_v1,0.21960252,0.014336919,76,126,30
Dor nas costas,Oswestry7_v1,0.248791572,0.005432783,76,126,30
Dor nas costas,Oswestry8_v1,0.211700919,0.018307671,76,126,30
Dor nas costas,Oswestry9_v1,0.258040525,0.003905596,76,126,30
Dor nas costas,Oswestry10_v1,0.205416651,0.022116703,76,126,30
Dor nas costas,Somatoria_Owestry,0.260412112,0.003582283,76,126,30
Dor nas costas,SF12_M1_1_v1,0.205208794,0.022253588,76,126,30
Dor nas costas,SF12_M1_2_v1,-0.335708944,0.000155428,76,126,30
Dor nas costas,SF12_M1_3_v1,-0.256488728,0.00413115,76,126,30
Dor nas costas,SF12_M1_4_v1,-0.278820552,0.001786385,76,126,30
Dor nas costas,SF12_M1_5_v1,-0.315819522,0.000384253,76,126,30
Dor nas costas,SF12_M1_6_v1,-0.251295159,0.004973882,76,126,30
Dor nas costas,SF12_M1_7_v1,-0.265983962,0.002915676,76,126,30
Dor nas costas,SF12_M1_8_v1,0.350686576,7.57E-05,76,126,30
Dor nas costas,SF12_M1_9_v1,-0.340319028,0.000124992,76,126,30
Dor nas costas,SF12_M1_10_v1,-0.321130448,0.000303425,76,126,30
Dor nas costas,SF12_M1_11_v1,-0.347590554,8.81E-05,76,126,30
Dor nas costas,SF12_M1_12_v1,-0.320997,0.000305246,76,126,30
Dor nas pernas,Há quanto tempo em São Paulo se de outro local,0.708316065,0.005743307,16,8,1
Dor nas pernas,Quantidade de cirurgias na coluna,0.519767457,1.03E-05,93,32,21
Dor nas pernas,Tempo com a dor nas costas,0.313033675,0.003777503,79,56,7
Dor nas pernas,Tempo com dor que irradia p/ as pernas,0.783017513,1.02E-15,78,57,6
Dor nas pernas,Andar_velocidade,-0.471574958,1.11E-05,76,55,4
Dor nas pernas,Dor_costas_VAS,0.48673037,1.90E-07,117,62,2
Dor nas pernas,Intensidade da dor nas pernas,0.9999,3.40E-87,138,63,1
Dor nas pernas,BPI_3_v1,0.375917997,2.95E-05,139,65,32
Dor nas pernas,BPI_4_v1,0.414752347,3.64E-06,139,65,32
Dor nas pernas,BPI_5_v1,0.418344462,2.96E-06,139,65,32
Dor nas pernas,Intensidade da dor no momento,0.461207682,2.31E-05,72,55,4
Dor nas pernas,BPI_8_v1,-0.224914455,0.033319062,86,58,16
Dor nas pernas,Oswestry1_v1,0.303773189,0.000879209,135,65,32
Dor nas pernas,Oswestry2_v1,0.203309963,0.027163471,135,65,32
Dor nas pernas,Oswestry7_v1,0.241427108,0.008536421,135,65,32
Dor nas pernas,Oswestry9_v1,0.193529856,0.035582948,135,65,32
Dor nas pernas,Oswestry10_v1,0.184876262,0.044781778,135,65,32
Dor nas pernas,Somatoria_Owestry,0.20008447,0.029728709,135,65,32
Dor nas pernas,SF12_M1_2_v1,-0.281403327,0.002102277,135,65,32
Dor nas pernas,SF12_M1_3_v1,-0.303847168,0.000876584,135,65,32
Dor nas pernas,SF12_M1_4_v1,-0.247317437,0.007029754,135,65,32
Dor nas pernas,SF12_M1_5_v1,-0.258997303,0.004724029,135,65,32
Dor nas pernas,SF12_M1_6_v1,-0.250702203,0.006275602,135,65,32
Dor nas pernas,SF12_M1_7_v1,-0.287860665,0.00164538,135,65,32
Dor nas pernas,SF12_M1_8_v1,0.209892964,0.022511347,135,65,32
Dor nas pernas,SF12_M1_9_v1,-0.299169046,0.001057563,135,65,32
Dor nas pernas,SF12_M1_10_v1,-0.284148027,0.001895552,135,65,32
Dor nas pernas,SF12_M1_11_v1,-0.273344001,0.002833359,135,65,32
Dor nas pernas,SF12_M1_12_v1,-0.238306652,0.009445404,135,65,32
Retornar_trabalho,Quantidade de cirurgias na coluna,0.626308818,0.000145293,118,9,19
Retornar_trabalho,Trabalho_Cansativo,-0.496861416,0.000173064,105,20,14
Retornar_trabalho,Tempo com a dor nas costas,0.266011382,0.044411103,108,21,13
Retornar_trabalho,Andar_velocidade,-0.38323097,0.005548282,105,18,12
Retornar_trabalho,Dor_costas_VAS,0.261633337,0.038233589,145,20,16
Retornar_trabalho,Intensidade da dor nas pernas,0.382547348,0.001824764,161,20,21
Retornar_trabalho,IDADE,0.514937437,2.34E-05,146,21,35
Retornar_trabalho,BPI_5_v1,0.245746836,0.038588315,183,21,32
Retornar_trabalho,Oswestry2_v1,0.271448961,0.024866641,179,20,33
Retornar_trabalho,SF12_M1_1_v1,0.241947359,0.045825667,179,20,33
Retornar_trabalho,SF12_M1_2_v1,-0.292088963,0.015669621,179,20,33
Retornar_trabalho,SF12_M1_3_v1,-0.336095477,0.005313339,179,20,33
Retornar_trabalho,SF12_M1_4_v1,-0.294271906,0.014897746,179,20,33
Retornar_trabalho,SF12_M1_5_v1,-0.332907515,0.005772439,179,20,33
Retornar_trabalho,SF12_M1_6_v1,-0.308548386,0.010621269,179,20,33
Retornar_trabalho,SF12_M1_7_v1,-0.33219385,0.005879954,179,20,33
Retornar_trabalho,SF12_M1_8_v1,0.264511444,0.028858155,179,20,33
Retornar_trabalho,SF12_M1_11_v1,-0.296256187,0.014225173,179,20,33
Masc,Quantidade de cirurgias na coluna,0.210601319,0.049235939,50,96,0
Masc,Licenca_Tempo,-0.9999,0.000170946,2,4,0
Masc,Dor_costas_VAS,0.229148471,0.017983246,58,123,0
Masc,BPI - Humor,0.243910406,0.018323981,54,101,0
Masc,BPI - Habilidade de caminhar,0.274145982,0.007862532,54,101,0
Masc,BPI - Trabalho,0.223525168,0.030876673,54,101,0
Masc,BPI - Relacionamento com outras pessoas,0.338243496,0.000967574,54,101,0
Masc,BPI - Sono,0.238165165,0.021309811,54,101,0
Masc,BPI - Habilidade para apreciar a vida,0.216830256,0.036344664,54,101,0
Fem,Quantidade de cirurgias na coluna,-0.210601319,0.049235939,96,50,0
Fem,Licenca_Tempo,0.9999,0.000170946,4,2,0
Fem,Dor_costas_VAS,-0.229148471,0.017983246,123,58,0
Fem,BPI - Humor,-0.243910406,0.018323981,101,54,0
Fem,BPI - Habilidade de caminhar,-0.274145982,0.007862532,101,54,0
Fem,BPI - Trabalho,-0.223525168,0.030876673,101,54,0
Fem,BPI - Relacionamento com outras pessoas,-0.338243496,0.000967574,101,54,0
Fem,BPI - Sono,-0.238165165,0.021309811,101,54,0
Fem,BPI - Habilidade para apreciar a vida,-0.216830256,0.036344664,101,54,0
Casado/Amasiaado,Trabalho_Cansativo,0.283597579,0.009668685,77,55,7
Casado/Amasiaado,IDADE,-0.352753121,6.39E-05,115,84,3
Casado/Amasiaado,BPI - Atividde geral,-0.269489989,0.014121901,74,57,24
Casado/Amasiaado,BPI - Humor,-0.22160156,0.044396655,74,57,24
Casado/Amasiaado,BPI - Habilidade de caminhar,-0.323579749,0.003052452,74,57,24
Casado/Amasiaado,BPI - Relacionamento com outras pessoas,-0.220456771,0.045524321,74,57,24
Casado/Amasiaado,BPI - Sono,-0.31804494,0.003614171,74,57,24
Casado/Amasiaado,BPI - Habilidade para apreciar a vida,-0.254117585,0.020826745,74,57,24
Casado/Amasiaado,Oswestry8_v1,0.209528578,0.02046509,110,84,38
Casado/Amasiaado,Oswestry10_v1,0.184676374,0.041391289,110,84,38
Casado/Amasiaado,SF12_M1_12_v1,-0.191381498,0.034472834,110,84,38
Separado_Divorciado,IDADE,0.514432596,0.001288871,191,8,3
X4,Intensidade da dor no momento,-0.492042113,0.041266695,128,3,0
X4,SF12_M1_2_v1,-0.67212342,0.003036159,191,3,38
X5,Andar_velocidade,0.558513029,0.044963316,131,2,2
X6,Quantidade de cirurgias na coluna,0.460426369,0.018417887,105,6,35
X6,Andar_velocidade,-0.490720037,0.002989057,124,9,2
X6,IDADE,0.616876584,8.41E-06,187,12,3
X6,BPI - Sono,0.366193244,0.028359037,122,9,24
Livrar_costas,Tempo com dor que irradia p/ as pernas,-0.365861037,0.0171452,14,92,35
Livrar_costas,Intensidade da dor nas pernas,-0.602025888,2.10E-05,15,110,77
Livrar_perna,Tempo com dor que irradia p/ as pernas,0.365861037,0.0171452,92,14,35
Livrar_perna,Intensidade da dor nas pernas,0.667877533,3.09E-06,111,14,77
D15,Intensidade da dor nas pernas,0.42491217,0.019255717,120,7,75
D15,SF12_M1_10_v1,-0.495069476,0.006037935,122,7,103
D16,Tempo com a dor nas costas,0.29683261,0.025852977,111,20,11
D16,Tempo com dor que irradia p/ as pernas,0.31023494,0.019746041,111,20,10
D16,Dor_costas_VAS,0.359307016,0.007055987,108,20,53
D16,Intensidade da dor nas pernas,0.580728281,8.37E-06,107,20,75
D16,BPI_3_v1,0.407906976,0.001966591,112,20,104
D16,BPI_4_v1,0.404718236,0.002139666,112,20,104
D16,BPI_5_v1,0.519744115,6.56E-05,112,20,104
D16,Intensidade da dor no momento,0.386874384,0.003449454,111,20,0
D16,Oswestry1_v1,0.303271837,0.023272868,109,20,103
D16,Oswestry2_v1,0.306096136,0.021992482,109,20,103
D16,Oswestry4_v1,0.293743131,0.028075088,109,20,103
D16,Oswestry8_v1,0.272538637,0.041854512,109,20,103
D16,SF12_M1_1_v1,0.383787759,0.003860125,109,20,103
D16,SF12_M1_2_v1,-0.28270014,0.034672212,109,20,103
D16,SF12_M1_3_v1,-0.291800987,0.029151112,109,20,103
D16,SF12_M1_4_v1,-0.380322897,0.004204218,109,20,103
D16,SF12_M1_5_v1,-0.318169789,0.017178605,109,20,103
D16,SF12_M1_6_v1,-0.353189185,0.007997494,109,20,103
D16,SF12_M1_7_v1,-0.377917797,0.004458977,109,20,103
D16,SF12_M1_9_v1,-0.30210403,0.023820685,109,20,103
D18,Tempo com dor que irradia p/ as pernas,-0.340026448,0.015899162,115,16,10
D2,BPI_3_v1,0.342645286,0.048054581,124,8,104
D2,BPI - Atividde geral,0.37499027,0.048120903,76,8,71
D2,Ord_RMDQ,0.490560416,0.043287911,66,4,65
D2,SF12_M1_2_v1,-0.505586255,0.003376676,121,8,103
D2,SF12_M1_5_v1,-0.358759968,0.039176456,121,8,103
D2,SF12_M1_6_v1,-0.442956297,0.01053363,121,8,103
D2,SF12_M1_7_v1,-0.442518559,0.010612465,121,8,103
D20,Intensidade da dor no momento,0.34542926,0.046556713,123,8,0
D20,SF12_M1_8_v1,0.399570964,0.021354963,121,8,103
D21,Trabalho_Cansativo,0.382678132,0.034134409,125,7,7
D23,SF12_M1_10_v1,-0.657321178,0.018418598,127,2,103
D23,SF12_M1_12_v1,-0.561381144,0.044746762,127,2,103
D24,Intensidade da dor nas pernas,-0.29181828,0.020575052,101,26,75
D24,BPI_8_v1,0.317448455,0.020452688,73,25,62
D24,BPI - Humor,-0.39512772,0.008818046,65,19,71
D24,BPI - Relacionamento com outras pessoas,-0.361620949,0.016914263,65,19,71
D24,Oswestry7_v1,-0.269322079,0.032102928,103,26,103
D24,Ord_RMDQ,-0.365290979,0.029978288,55,15,65
D25,Andar_velocidade,0.431429154,0.048531404,125,4,6
D26,SF12_M1_11_v1,-0.670142379,0.016211193,127,2,103
D27,SF12_M1_4_v1,-0.430167075,0.033657004,124,5,103
D27,SF12_M1_5_v1,-0.426953616,0.035030482,124,5,103
D27,SF12_M1_6_v1,-0.436770315,0.030977104,124,5,103
D27,SF12_M1_7_v1,-0.503335336,0.012638178,124,5,103
D28,BPI_8_v1,0.423205634,0.046543624,93,5,62
D28,SF12_M1_9_v1,-0.40251202,0.034774008,123,6,103
D28,SF12_M1_10_v1,-0.428238391,0.024541068,123,6,103
D28,SF12_M1_12_v1,-0.52113697,0.005962954,123,6,103
D29,Tempo com a dor nas costas,0.362040008,0.00132498,89,42,11
D29,Tempo com dor que irradia p/ as pernas,0.439400501,8.31E-05,89,42,10
D29,Andar_velocidade,-0.264137776,0.021509043,88,41,6
D29,Intensidade da dor nas pernas,0.400412302,0.000439363,86,41,75
D29,BPI_3_v1,0.231405391,0.042038093,90,42,104
D29,BPI_5_v1,0.264471102,0.0198361,90,42,104
D29,Oswestry1_v1,0.310817515,0.006398162,87,42,103
D29,Oswestry2_v1,0.28428712,0.012852541,87,42,103
D29,Oswestry4_v1,0.298743469,0.008851416,87,42,103
D29,Oswestry8_v1,0.231522034,0.04362632,87,42,103
D29,Oswestry10_v1,0.267964304,0.019193974,87,42,103
D29,Somatoria_Owestry,0.256525847,0.025108809,87,42,103
D29,SF12_M1_1_v1,0.335901958,0.003135215,87,42,103
D29,SF12_M1_2_v1,-0.235583836,0.040009295,87,42,103
D29,SF12_M1_3_v1,-0.340818168,0.002709035,87,42,103
D29,SF12_M1_4_v1,-0.408797429,0.000287417,87,42,103
D29,SF12_M1_5_v1,-0.32634669,0.004140071,87,42,103
D29,SF12_M1_6_v1,-0.315480254,0.005626219,87,42,103
D29,SF12_M1_7_v1,-0.333906596,0.003324773,87,42,103
D29,SF12_M1_9_v1,-0.27336484,0.016847977,87,42,103
D3,SF12_M1_2_v1,-0.676123183,0.015262619,127,2,103
D3,SF12_M1_5_v1,-0.570656939,0.041276945,127,2,103
D3,SF12_M1_6_v1,-0.639437375,0.021929105,127,2,103
D3,SF12_M1_7_v1,-0.636917429,0.022467289,127,2,103
Lombalgia,Há quanto tempo em São Paulo se de outro local,0.691234835,0.005319436,13,11,1
Lombalgia,Quantidade de cirurgias na coluna,0.514526836,0.00285262,23,28,95
Lombalgia,Tempo com a dor nas costas,0.566037439,6.32E-08,69,62,11
Lombalgia,Tempo com dor que irradia p/ as pernas,0.489404496,4.09E-06,69,62,10
Lombalgia,Andar_velocidade,-0.465011842,1.55E-05,69,60,6
Lombalgia,Dor_costas_VAS,0.494060717,4.21E-06,67,61,53
Lombalgia,Intensidade da dor nas pernas,0.503584404,2.87E-06,66,61,75
Lombalgia,BPI_3_v1,0.422720751,7.80E-05,70,62,104
Lombalgia,BPI_4_v1,0.416275039,0.000101737,70,62,104
Lombalgia,BPI_5_v1,0.430694931,5.59E-05,70,62,104
Lombalgia,Intensidade da dor no momento,0.517612138,9.69E-07,69,62,0
Lombalgia,Oswestry1_v1,0.376600278,0.000546468,68,61,103
Lombalgia,Oswestry2_v1,0.373637668,0.000607205,68,61,103
Lombalgia,Oswestry3_v1,0.244772608,0.026684973,68,61,103
Lombalgia,Oswestry4_v1,0.314729909,0.004130194,68,61,103
Lombalgia,Oswestry5_v1,0.229586212,0.037880101,68,61,103
Lombalgia,Oswestry7_v1,0.292895997,0.007741004,68,61,103
Lombalgia,Oswestry8_v1,0.255398861,0.020649947,68,61,103
Lombalgia,Oswestry9_v1,0.321859306,0.003332801,68,61,103
Lombalgia,Oswestry10_v1,0.307713486,0.005077865,68,61,103
Lombalgia,Somatoria_Owestry,0.309760937,0.004783038,68,61,103
Lombalgia,SF12_M1_1_v1,0.431251377,6.63E-05,68,61,103
Lombalgia,SF12_M1_2_v1,-0.404098587,0.000196792,68,61,103
Lombalgia,SF12_M1_3_v1,-0.475797276,9.29E-06,68,61,103
Lombalgia,SF12_M1_4_v1,-0.511817007,1.59E-06,68,61,103
Lombalgia,SF12_M1_5_v1,-0.464982815,1.53E-05,68,61,103
Lombalgia,SF12_M1_6_v1,-0.472819193,1.07E-05,68,61,103
Lombalgia,SF12_M1_7_v1,-0.490186399,4.68E-06,68,61,103
Lombalgia,SF12_M1_8_v1,0.352672275,0.001248387,68,61,103
Lombalgia,SF12_M1_9_v1,-0.375056824,0.000577376,68,61,103
Lombalgia,SF12_M1_10_v1,-0.302410315,0.005918346,68,61,103
Lombalgia,SF12_M1_11_v1,-0.368000026,0.000740238,68,61,103
Lombalgia,SF12_M1_12_v1,-0.357401732,0.001065091,68,61,103
D31,Intensidade da dor nas pernas,0.302004508,0.031067069,110,17,75
D31,BPI_3_v1,0.388182327,0.004888679,115,17,104
D31,BPI_5_v1,0.323705116,0.019502865,115,17,104
D31,Oswestry1_v1,0.298761213,0.032303625,112,17,103
D31,SF12_M1_3_v1,-0.284603183,0.041603665,112,17,103
D31,SF12_M1_9_v1,-0.348329829,0.012277038,112,17,103
D32,Há quanto tempo em São Paulo se de outro local,0.625213908,0.030742063,19,5,1
D32,Tempo com a dor nas costas,0.453211243,6.98E-05,94,37,11
D32,Tempo com dor que irradia p/ as pernas,0.529702692,2.55E-06,94,37,10
D32,Andar_velocidade,-0.241158488,0.040442024,93,36,6
D32,Dor_costas_VAS,0.284352731,0.01560328,92,36,53
D32,Intensidade da dor nas pernas,0.5549994,1.08E-06,91,36,75
D32,BPI_3_v1,0.285512996,0.013699952,95,37,104
D32,BPI_4_v1,0.272717503,0.018667308,95,37,104
D32,BPI_5_v1,0.353161767,0.002150394,95,37,104
D32,Intensidade da dor no momento,0.29128432,0.012078454,94,37,0
D32,Oswestry1_v1,0.320297476,0.005902623,92,37,103
D32,Oswestry2_v1,0.24121247,0.039414782,92,37,103
D32,Oswestry4_v1,0.235229516,0.04465344,92,37,103
D32,Oswestry8_v1,0.272871147,0.019504885,92,37,103
D32,Oswestry9_v1,0.261921017,0.02508571,92,37,103
D32,Oswestry10_v1,0.294597622,0.011527023,92,37,103
D32,Somatoria_Owestry,0.241005999,0.039586572,92,37,103
D32,SF12_M1_1_v1,0.338319684,0.003577234,92,37,103
D32,SF12_M1_2_v1,-0.2476886,0.034335404,92,37,103
D32,SF12_M1_3_v1,-0.285003094,0.014605397,92,37,103
D32,SF12_M1_4_v1,-0.357927795,0.002012375,92,37,103
D32,SF12_M1_5_v1,-0.272959517,0.019464609,92,37,103
D32,SF12_M1_6_v1,-0.309468726,0.00787542,92,37,103
D32,SF12_M1_7_v1,-0.345075132,0.002944728,92,37,103
D32,SF12_M1_9_v1,-0.236278669,0.043694957,92,37,103
D33,Tempo com dor que irradia p/ as pernas,0.396871888,0.009326024,119,12,10
D33,Intensidade da dor nas pernas,0.397373805,0.009703481,115,12,75
D33,BPI_3_v1,0.32136218,0.035817347,120,12,104
D33,BPI_4_v1,0.360122905,0.01840507,120,12,104
D33,BPI_5_v1,0.406847888,0.007555905,120,12,104
D33,BPI_8_v1,-0.332909089,0.046972888,87,11,62
D34,SF12_M1_8_v1,0.588738143,0.014482779,126,3,103
D34,SF12_M1_9_v1,-0.622537389,0.009622437,126,3,103
D36,SF12_M1_10_v1,-0.431205514,0.017181173,122,7,103
D37,Intensidade da dor nas pernas,0.513445905,6.27E-05,105,22,75
D37,BPI_3_v1,0.426405378,0.000891215,110,22,104
D37,BPI_4_v1,0.373082705,0.003822175,110,22,104
D37,BPI_5_v1,0.477356394,0.000183464,110,22,104
D37,Intensidade da dor no momento,0.292574784,0.024472447,109,22,0
D37,Oswestry1_v1,0.296067356,0.024984096,108,21,103
D37,Oswestry7_v1,0.287229193,0.029746854,108,21,103
D37,SF12_M1_1_v1,0.370848359,0.004740804,108,21,103
D37,SF12_M1_3_v1,-0.294495522,0.025780003,108,21,103
D37,SF12_M1_4_v1,-0.397720442,0.002396252,108,21,103
D37,SF12_M1_5_v1,-0.318984942,0.015559311,108,21,103
D37,SF12_M1_6_v1,-0.381137643,0.003671009,108,21,103
D37,SF12_M1_7_v1,-0.359088237,0.006298237,108,21,103
D37,SF12_M1_10_v1,-0.292957348,0.026579743,108,21,103
D38,Dor_costas_VAS,-0.523441976,0.03031757,125,3,53
D38,Intensidade da dor nas pernas,0.576632794,0.016936938,124,3,75
D38,Intensidade da dor no momento,-0.492042113,0.041266695,128,3,0
D38,Oswestry7_v1,0.570752856,0.017852821,126,3,103
D39,Intensidade da dor nas pernas,0.468398747,0.001065995,112,15,75
D39,IDADE,0.342727995,0.016238833,120,15,67
D39,BPI_3_v1,0.410014718,0.004042631,117,15,104
D39,BPI_4_v1,0.317187891,0.027132889,117,15,104
D39,BPI_5_v1,0.503109833,0.000374858,117,15,104
D39,Intensidade da dor no momento,0.308839341,0.031820956,116,15,0
D39,SF12_M1_1_v1,0.351159902,0.016783386,115,14,103
D39,SF12_M1_4_v1,-0.340713972,0.020410086,115,14,103
D39,SF12_M1_6_v1,-0.386658075,0.00829992,115,14,103
D39,SF12_M1_7_v1,-0.356749339,0.015083033,115,14,103
D4,BPI - Trabalho,0.487027607,0.037980478,80,4,71
D4,Ord_RMDQ,0.756057381,0.012682099,68,2,65
D4,SF12_M1_2_v1,-0.441890325,0.043249718,125,4,103
D4,SF12_M1_6_v1,-0.46849025,0.031941753,125,4,103
D4,SF12_M1_7_v1,-0.46750133,0.032312159,125,4,103
D40,Intensidade da dor nas pernas,0.404701592,0.046476496,122,5,75
D40,Oswestry7_v1,0.425708075,0.035575412,124,5,103
D40,SF12_M1_10_v1,-0.427509136,0.034789719,124,5,103
D41,SF12_M1_10_v1,-0.367341551,0.043011602,122,7,103
D43,SF12_M1_11_v1,-0.712067399,0.002940453,126,3,103
D43,SF12_M1_12_v1,-0.528824916,0.028439659,126,3,103
D44,Há quanto tempo em São Paulo se de outro local,0.625213908,0.030742063,19,5,1
D44,Tempo com a dor nas costas,0.304530205,0.008298368,93,38,11
D44,Tempo com dor que irradia p/ as pernas,0.486876359,1.59E-05,93,38,10
D44,Andar_velocidade,-0.26563518,0.023056412,92,37,6
D44,Dor_costas_VAS,0.272169422,0.02014728,91,37,53
D44,Intensidade da dor nas pernas,0.579077686,2.76E-07,90,37,75
D44,BPI_3_v1,0.339354481,0.003087866,94,38,104
D44,BPI_4_v1,0.308868898,0.007250722,94,38,104
D44,BPI_5_v1,0.362051817,0.001554344,94,38,104
D44,Intensidade da dor no momento,0.31237011,0.006736582,93,38,0
D44,Oswestry1_v1,0.260818051,0.025717007,92,37,103
D44,Oswestry4_v1,0.252003761,0.031267207,92,37,103
D44,Oswestry7_v1,0.237151793,0.042910436,92,37,103
D44,Oswestry8_v1,0.294493001,0.011557254,92,37,103
D44,Oswestry9_v1,0.240921756,0.039656845,92,37,103
D44,Oswestry10_v1,0.252207111,0.031128548,92,37,103
D44,SF12_M1_1_v1,0.338319684,0.003577234,92,37,103
D44,SF12_M1_2_v1,-0.311656227,0.007435364,92,37,103
D44,SF12_M1_3_v1,-0.350132234,0.002539272,92,37,103
D44,SF12_M1_4_v1,-0.421221401,0.000250208,92,37,103
D44,SF12_M1_5_v1,-0.355693957,0.002152179,92,37,103
D44,SF12_M1_6_v1,-0.359579353,0.001914364,92,37,103
D44,SF12_M1_7_v1,-0.378233189,0.001071644,92,37,103
D44,SF12_M1_9_v1,-0.322319454,0.005587426,92,37,103
D44,SF12_M1_10_v1,-0.276658525,0.017841909,92,37,103
D44,SF12_M1_12_v1,-0.237255312,0.042818207,92,37,103
D45,Tempo com dor que irradia p/ as pernas,0.315637173,0.039624965,119,12,10
D45,Intensidade da dor nas pernas,0.649895563,1.48E-05,115,12,75
D45,BPI_3_v1,0.32136218,0.035817347,120,12,104
D45,BPI_4_v1,0.433481275,0.004350089,120,12,104
D45,BPI_5_v1,0.377881371,0.013273624,120,12,104
D45,SF12_M1_9_v1,-0.338816369,0.02750253,117,12,103
D45,SF12_M1_10_v1,-0.332007191,0.030836629,117,12,103
D46,Há quanto tempo em São Paulo se de outro local,0.83126382,0.001549319,18,6,1
D46,Tempo com a dor nas costas,0.304530205,0.008298368,93,38,11
D46,Tempo com dor que irradia p/ as pernas,0.486876359,1.59E-05,93,38,10
D46,Andar_velocidade,-0.325368367,0.005140483,92,37,6
D46,Dor_costas_VAS,0.258990801,0.027188022,91,37,53
D46,Intensidade da dor nas pernas,0.603862542,7.20E-08,90,37,75
D46,IDADE,0.27126157,0.01788286,97,38,67
D46,BPI_3_v1,0.375047542,0.001028201,94,38,104
D46,BPI_4_v1,0.294795479,0.010481393,94,38,104
D46,BPI_5_v1,0.396783532,0.000497944,94,38,104
D46,Intensidade da dor no momento,0.29967962,0.009417761,93,38,0
D46,Oswestry10_v1,0.231011855,0.048685175,92,37,103
D46,SF12_M1_1_v1,0.318244597,0.006238742,92,37,103
D46,SF12_M1_2_v1,-0.279672414,0.016607665,92,37,103
D46,SF12_M1_3_v1,-0.350132234,0.002539272,92,37,103
D46,SF12_M1_4_v1,-0.405397999,0.000435844,92,37,103
D46,SF12_M1_5_v1,-0.339147069,0.003493702,92,37,103
D46,SF12_M1_6_v1,-0.359579353,0.001914364,92,37,103
D46,SF12_M1_7_v1,-0.345075132,0.002944728,92,37,103
D46,SF12_M1_9_v1,-0.279299061,0.016756425,92,37,103
D47,Tempo com dor que irradia p/ as pernas,0.36979365,0.015596671,119,12,10
D47,Intensidade da dor nas pernas,0.662521651,9.74E-06,115,12,75
D47,BPI_3_v1,0.358572538,0.018925344,120,12,104
D47,BPI_4_v1,0.389466253,0.010643943,120,12,104
D47,BPI_5_v1,0.39236463,0.010062419,120,12,104
D47,BPI - Sono,0.337547223,0.046708928,72,12,71
D47,Oswestry7_v1,0.306671467,0.046405994,117,12,103
D47,SF12_M1_3_v1,-0.344025261,0.025164095,117,12,103
D47,SF12_M1_9_v1,-0.338816369,0.02750253,117,12,103
D48,Há quanto tempo em São Paulo se de outro local,0.83126382,0.001549319,18,6,1
D48,Quantidade de cirurgias na coluna,0.484711622,0.018221008,42,9,95
D48,Tempo com a dor nas costas,0.359885388,0.003766628,105,26,11
D48,Tempo com dor que irradia p/ as pernas,0.49170232,5.89E-05,105,26,10
D48,Andar_velocidade,-0.337936202,0.00738936,104,25,6
D48,Dor_costas_VAS,0.357214306,0.00464921,103,25,53
D48,Intensidade da dor nas pernas,0.636106988,1.76E-07,102,25,75
D48,IDADE,0.350378564,0.004491918,109,26,67
D48,BPI_3_v1,0.396035986,0.001345705,106,26,104
D48,BPI_4_v1,0.357801573,0.003904659,106,26,104
D48,BPI_5_v1,0.435910568,0.000393786,106,26,104
D48,Intensidade da dor no momento,0.346255321,0.005370949,105,26,0
D48,Oswestry6_v1,-0.258637425,0.039721407,103,26,103
D48,SF12_M1_1_v1,0.417901037,0.000752405,103,26,103
D48,SF12_M1_2_v1,-0.249451279,0.04743239,103,26,103
D48,SF12_M1_3_v1,-0.309605922,0.013473029,103,26,103
D48,SF12_M1_4_v1,-0.38062992,0.002234159,103,26,103
D48,SF12_M1_5_v1,-0.266339096,0.034093799,103,26,103
D48,SF12_M1_6_v1,-0.322319185,0.010020156,103,26,103
D48,SF12_M1_7_v1,-0.323962154,0.009636348,103,26,103
D49,Tempo com dor que irradia p/ as pernas,0.405342155,0.006511546,118,13,10
D49,Intensidade da dor nas pernas,0.387126625,0.009942291,114,13,75
D5,SF12_M1_2_v1,-0.520395692,0.03111599,126,3,103
D5,SF12_M1_3_v1,-0.562667198,0.019576806,126,3,103
D5,SF12_M1_5_v1,-0.55513327,0.021310612,126,3,103
D5,SF12_M1_6_v1,-0.524312339,0.029846981,126,3,103
D5,SF12_M1_9_v1,-0.489357749,0.04288343,126,3,103
D51,Oswestry2_v1,0.870798355,0.016026991,128,1,103
D51,Oswestry4_v1,0.847364319,0.019178491,128,1,103
D51,SF12_M1_6_v1,-0.717637463,0.048001145,128,1,103
D51,SF12_M1_7_v1,-0.71434067,0.049052683,128,1,103
D53,Trabalho_Cansativo,0.585249271,0.035691755,130,2,7
D53,BPI - Habilidade de caminhar,-0.610217485,0.040029732,82,2,71
D53,SF12_M1_12_v1,-0.561381144,0.044746762,127,2,103
D9,Oswestry2_v1,0.870798355,0.016026991,128,1,103
D9,Oswestry4_v1,0.847364319,0.019178491,128,1,103
D9,SF12_M1_6_v1,-0.717637463,0.048001145,128,1,103
D9,SF12_M1_7_v1,-0.71434067,0.049052683,128,1,103
RMDQ1_v1,Tempo com a dor nas costas,0.234046291,0.037911124,80,44,17
RMDQ1_v1,Andar_velocidade,-0.301929094,0.008176852,72,45,17
RMDQ1_v1,BPI_3_v1,0.242676579,0.004075657,134,84,17
RMDQ1_v1,BPI_5_v1,0.216588853,0.010513478,134,84,17
RMDQ1_v1,Intensidade da dor no momento,0.296649255,0.010498341,73,42,15
RMDQ1_v1,BPI - Habilidade de caminhar,-0.21020152,0.037426607,80,68,6
RMDQ1_v1,Oswestry1_v1,0.690304601,7.97E-19,134,85,12
RMDQ1_v1,Oswestry2_v1,0.7583971,2.50E-23,134,85,12
RMDQ1_v1,Oswestry3_v1,0.544792064,1.54E-11,134,85,12
RMDQ1_v1,Oswestry4_v1,0.659135003,5.05E-17,134,85,12
RMDQ1_v1,Oswestry5_v1,0.543148895,1.80E-11,134,85,12
RMDQ1_v1,Oswestry6_v1,0.606572782,2.67E-14,134,85,12
RMDQ1_v1,Oswestry7_v1,0.655255666,8.27E-17,134,85,12
RMDQ1_v1,Oswestry8_v1,0.812281546,1.49E-27,134,85,12
RMDQ1_v1,Oswestry9_v1,0.724059334,5.94E-21,134,85,12
RMDQ1_v1,Oswestry10_v1,0.826183252,9.33E-29,134,85,12
RMDQ1_v1,Somatoria_Owestry,0.729086009,2.75E-21,134,85,12
RMDQ1_v1,Ord_RMDQ,0.354973761,0.000830451,49,85,0
RMDQ1_v1,SF12_M1_1_v1,0.572338473,1.03E-12,134,85,12
RMDQ1_v1,SF12_M1_2_v1,-0.61686474,8.37E-15,134,85,12
RMDQ1_v1,SF12_M1_3_v1,-0.671372229,1.03E-17,134,85,12
RMDQ1_v1,SF12_M1_4_v1,-0.51620678,2.09E-10,134,85,12
RMDQ1_v1,SF12_M1_5_v1,-0.585395972,2.65E-13,134,85,12
RMDQ1_v1,SF12_M1_6_v1,-0.427708844,2.15E-07,134,85,12
RMDQ1_v1,SF12_M1_7_v1,-0.458403571,2.34E-08,134,85,12
RMDQ1_v1,SF12_M1_8_v1,0.847868213,9.73E-31,134,85,12
RMDQ1_v1,SF12_M1_9_v1,-0.812900779,1.32E-27,134,85,12
RMDQ1_v1,SF12_M1_10_v1,-0.719382067,1.20E-20,134,85,12
RMDQ1_v1,SF12_M1_11_v1,-0.841542117,3.80E-30,134,85,12
RMDQ1_v1,SF12_M1_12_v1,-0.878697573,8.44E-34,134,85,12
RMDQ2_v1,Tempo com a dor nas costas,0.240804928,0.030410548,75,49,17
RMDQ2_v1,Andar_velocidade,-0.266432082,0.018980179,68,49,17
RMDQ2_v1,Dor_costas_VAS,0.197511311,0.041587476,94,69,17
RMDQ2_v1,BPI_3_v1,0.247558172,0.00319285,129,89,17
RMDQ2_v1,BPI_5_v1,0.198772489,0.01832532,129,89,17
RMDQ2_v1,Intensidade da dor no momento,0.346854997,0.002359998,69,46,15
RMDQ2_v1,BPI - Atividde geral,-0.202874776,0.044324996,77,71,6
RMDQ2_v1,BPI - Humor,-0.199675649,0.047831604,77,71,6
RMDQ2_v1,BPI - Habilidade de caminhar,-0.288422029,0.00398102,77,71,6
RMDQ2_v1,BPI - Relacionamento com outras pessoas,-0.209392954,0.037842057,77,71,6
RMDQ2_v1,Oswestry1_v1,0.662959125,1.91E-17,129,90,12
RMDQ2_v1,Oswestry2_v1,0.703353584,7.15E-20,129,90,12
RMDQ2_v1,Oswestry3_v1,0.534737098,2.98E-11,129,90,12
RMDQ2_v1,Oswestry4_v1,0.620446192,3.70E-15,129,90,12
RMDQ2_v1,Oswestry5_v1,0.512541473,2.24E-10,129,90,12
RMDQ2_v1,Oswestry6_v1,0.590404905,1.09E-13,129,90,12
RMDQ2_v1,Oswestry7_v1,0.634931288,6.57E-16,129,90,12
RMDQ2_v1,Oswestry8_v1,0.75224776,3.45E-23,129,90,12
RMDQ2_v1,Oswestry9_v1,0.68472916,1.01E-18,129,90,12
RMDQ2_v1,Oswestry10_v1,0.796706913,1.25E-26,129,90,12
RMDQ2_v1,Somatoria_Owestry,0.694149718,2.69E-19,129,90,12
RMDQ2_v1,Ord_RMDQ,0.372232448,0.000528981,44,90,0
RMDQ2_v1,SF12_M1_1_v1,0.52466067,7.57E-11,129,90,12
RMDQ2_v1,SF12_M1_2_v1,-0.636152484,5.66E-16,129,90,12
RMDQ2_v1,SF12_M1_3_v1,-0.677337028,2.80E-18,129,90,12
RMDQ2_v1,SF12_M1_4_v1,-0.52318479,8.66E-11,129,90,12
RMDQ2_v1,SF12_M1_5_v1,-0.606928291,1.75E-14,129,90,12
RMDQ2_v1,SF12_M1_6_v1,-0.46789556,9.23E-09,129,90,12
RMDQ2_v1,SF12_M1_7_v1,-0.490106266,1.54E-09,129,90,12
RMDQ2_v1,SF12_M1_8_v1,0.815349722,3.29E-28,129,90,12
RMDQ2_v1,SF12_M1_9_v1,-0.780564158,2.50E-25,129,90,12
RMDQ2_v1,SF12_M1_10_v1,-0.750103358,4.93E-23,129,90,12
RMDQ2_v1,SF12_M1_11_v1,-0.872613463,1.12E-33,129,90,12
RMDQ2_v1,SF12_M1_12_v1,-0.903352224,4.59E-37,129,90,12
RMDQ3_v1,Tempo com a dor nas costas,0.432659552,0.000172556,88,38,16
RMDQ3_v1,Dor_costas_VAS,0.288893456,0.003922012,109,56,16
RMDQ3_v1,Intensidade da dor no momento,0.530585342,6.18E-06,81,36,14
RMDQ3_v1,BPI - Trabalho,0.22368407,0.030048238,83,66,6
RMDQ3_v1,BPI - Sono,0.325901041,0.001421534,83,66,6
RMDQ3_v1,Oswestry1_v1,0.679094537,2.85E-17,141,79,12
RMDQ3_v1,Oswestry2_v1,0.734647155,1.51E-20,141,79,12
RMDQ3_v1,Oswestry3_v1,0.569610117,4.93E-12,141,79,12
RMDQ3_v1,Oswestry4_v1,0.706340067,8.07E-19,141,79,12
RMDQ3_v1,Oswestry5_v1,0.521513824,3.73E-10,141,79,12
RMDQ3_v1,Oswestry6_v1,0.493004423,3.80E-09,141,79,12
RMDQ3_v1,Oswestry7_v1,0.574280334,3.15E-12,141,79,12
RMDQ3_v1,Oswestry8_v1,0.597046843,3.26E-13,141,79,12
RMDQ3_v1,Oswestry9_v1,0.623703628,1.93E-14,141,79,12
RMDQ3_v1,Oswestry10_v1,0.613273027,5.98E-14,141,79,12
RMDQ3_v1,Somatoria_Owestry,0.657478201,4.05E-16,141,79,12
RMDQ3_v1,Ord_RMDQ,0.706910859,1.78E-12,56,79,0
RMDQ3_v1,SF12_M1_1_v1,0.583072887,1.33E-12,141,79,12
RMDQ3_v1,SF12_M1_2_v1,-0.583035869,1.34E-12,141,79,12
RMDQ3_v1,SF12_M1_3_v1,-0.669250818,9.72E-17,141,79,12
RMDQ3_v1,SF12_M1_4_v1,-0.545955092,4.42E-11,141,79,12
RMDQ3_v1,SF12_M1_5_v1,-0.635870126,4.99E-15,141,79,12
RMDQ3_v1,SF12_M1_6_v1,-0.675658867,4.39E-17,141,79,12
RMDQ3_v1,SF12_M1_7_v1,-0.705232995,9.38E-19,141,79,12
RMDQ3_v1,SF12_M1_8_v1,0.532745979,1.42E-10,141,79,12
RMDQ3_v1,SF12_M1_9_v1,-0.471538641,1.95E-08,141,79,12
RMDQ3_v1,SF12_M1_10_v1,-0.348965836,4.37E-05,141,79,12
RMDQ3_v1,SF12_M1_11_v1,-0.512422422,7.96E-10,141,79,12
RMDQ3_v1,SF12_M1_12_v1,-0.496241449,2.94E-09,141,79,12
RMDQ4_v1,Tempo com a dor nas costas,0.277680315,0.026758217,99,27,16
RMDQ4_v1,Tempo com dor que irradia p/ as pernas,-0.24863363,0.048287776,98,27,16
RMDQ4_v1,Intensidade da dor no momento,0.419705333,0.000989254,91,26,14
RMDQ4_v1,Oswestry2_v1,0.205400211,0.025905314,166,54,12
RMDQ4_v1,SF12_M1_1_v1,0.302529769,0.000955146,166,54,12
RMDQ4_v1,SF12_M1_2_v1,-0.286498662,0.001782525,166,54,12
RMDQ4_v1,SF12_M1_3_v1,-0.296377639,0.001218225,166,54,12
RMDQ4_v1,SF12_M1_4_v1,-0.288026358,0.00168198,166,54,12
RMDQ4_v1,SF12_M1_5_v1,-0.35064899,0.000120167,166,54,12
RMDQ4_v1,SF12_M1_6_v1,-0.338020324,0.000213293,166,54,12
RMDQ4_v1,SF12_M1_7_v1,-0.373955511,3.94E-05,166,54,12
RMDQ4_v1,SF12_M1_8_v1,0.252120662,0.006100278,166,54,12
RMDQ4_v1,SF12_M1_11_v1,-0.199074946,0.030906331,166,54,12
RMDQ5_v1,Tempo com a dor nas costas,0.405520967,0.000548705,91,35,16
RMDQ5_v1,Dor_costas_VAS,0.21696724,0.034302011,115,50,16
RMDQ5_v1,Intensidade da dor no momento,0.415988942,0.000608674,84,33,14
RMDQ5_v1,BPI - Sono,0.27507671,0.007937473,90,59,6
RMDQ5_v1,Oswestry1_v1,0.733088656,7.23E-20,148,72,12
RMDQ5_v1,Oswestry2_v1,0.779200802,7.57E-23,148,72,12
RMDQ5_v1,Oswestry3_v1,0.617756985,8.57E-14,148,72,12
RMDQ5_v1,Oswestry4_v1,0.755153076,3.01E-21,148,72,12
RMDQ5_v1,Oswestry5_v1,0.570859327,8.73E-12,148,72,12
RMDQ5_v1,Oswestry6_v1,0.522587096,5.95E-10,148,72,12
RMDQ5_v1,Oswestry7_v1,0.614802599,1.17E-13,148,72,12
RMDQ5_v1,Oswestry8_v1,0.634331129,1.46E-14,148,72,12
RMDQ5_v1,Oswestry9_v1,0.662870062,5.83E-16,148,72,12
RMDQ5_v1,Oswestry10_v1,0.660938855,7.30E-16,148,72,12
RMDQ5_v1,Somatoria_Owestry,0.704747713,3.32E-18,148,72,12
RMDQ5_v1,Ord_RMDQ,0.796436629,1.39E-16,63,72,0
RMDQ5_v1,SF12_M1_1_v1,0.663642391,5.32E-16,148,72,12
RMDQ5_v1,SF12_M1_2_v1,-0.621497027,5.79E-14,148,72,12
RMDQ5_v1,SF12_M1_3_v1,-0.705858597,2.87E-18,148,72,12
RMDQ5_v1,SF12_M1_4_v1,-0.607669047,2.43E-13,148,72,12
RMDQ5_v1,SF12_M1_5_v1,-0.685035798,4.05E-17,148,72,12
RMDQ5_v1,SF12_M1_6_v1,-0.758438837,1.84E-21,148,72,12
RMDQ5_v1,SF12_M1_7_v1,-0.78764176,1.96E-23,148,72,12
RMDQ5_v1,SF12_M1_8_v1,0.530833923,3.00E-10,148,72,12
RMDQ5_v1,SF12_M1_9_v1,-0.467772834,3.98E-08,148,72,12
RMDQ5_v1,SF12_M1_10_v1,-0.357274973,3.58E-05,148,72,12
RMDQ5_v1,SF12_M1_11_v1,-0.522828092,5.83E-10,148,72,12
RMDQ5_v1,SF12_M1_12_v1,-0.500322769,3.53E-09,148,72,12
RMDQ6_v1,Tempo com a dor nas costas,0.464963442,0.000122615,97,29,16
RMDQ6_v1,Dor_costas_VAS,0.282393199,0.008645537,127,38,16
RMDQ6_v1,Intensidade da dor no momento,0.417276532,0.000802708,88,29,14
RMDQ6_v1,BPI_8_v1,-0.352595224,0.000841669,109,45,6
RMDQ6_v1,BPI - Atividde geral,0.4277828,5.27E-05,104,45,6
RMDQ6_v1,BPI - Humor,0.358800602,0.000772191,104,45,6
RMDQ6_v1,BPI - Habilidade de caminhar,0.349313438,0.001074383,104,45,6
RMDQ6_v1,BPI - Trabalho,0.481611118,4.48E-06,104,45,6
RMDQ6_v1,BPI - Relacionamento com outras pessoas,0.415173462,8.95E-05,104,45,6
RMDQ6_v1,BPI - Sono,0.534000607,2.87E-07,104,45,6
RMDQ6_v1,BPI - Habilidade para apreciar a vida,0.454406278,1.63E-05,104,45,6
RMDQ6_v1,Oswestry1_v1,0.891104094,1.76E-28,164,56,12
RMDQ6_v1,Oswestry2_v1,0.926024039,1.89E-31,164,56,12
RMDQ6_v1,Oswestry3_v1,0.808545348,1.68E-22,164,56,12
RMDQ6_v1,Oswestry4_v1,0.911847194,3.30E-30,164,56,12
RMDQ6_v1,Oswestry5_v1,0.790337449,2.40E-21,164,56,12
RMDQ6_v1,Oswestry6_v1,0.63260676,2.98E-13,164,56,12
RMDQ6_v1,Oswestry7_v1,0.818927894,3.50E-23,164,56,12
RMDQ6_v1,Oswestry8_v1,0.669086105,7.36E-15,164,56,12
RMDQ6_v1,Oswestry9_v1,0.853261605,1.42E-25,164,56,12
RMDQ6_v1,Oswestry10_v1,0.7091465,8.55E-17,164,56,12
RMDQ6_v1,Somatoria_Owestry,0.859828226,4.66E-26,164,56,12
RMDQ6_v1,Ord_RMDQ,0.919638582,1.60E-23,79,56,0
RMDQ6_v1,SF12_M1_1_v1,0.700481156,2.33E-16,164,56,12
RMDQ6_v1,SF12_M1_2_v1,-0.712882669,5.52E-17,164,56,12
RMDQ6_v1,SF12_M1_3_v1,-0.773855794,2.40E-20,164,56,12
RMDQ6_v1,SF12_M1_4_v1,-0.667825604,8.41E-15,164,56,12
RMDQ6_v1,SF12_M1_5_v1,-0.760776468,1.39E-19,164,56,12
RMDQ6_v1,SF12_M1_6_v1,-0.819191187,3.36E-23,164,56,12
RMDQ6_v1,SF12_M1_7_v1,-0.860397126,4.23E-26,164,56,12
RMDQ6_v1,SF12_M1_8_v1,0.704809703,1.41E-16,164,56,12
RMDQ6_v1,SF12_M1_9_v1,-0.635162246,2.32E-13,164,56,12
RMDQ6_v1,SF12_M1_10_v1,-0.519702278,4.37E-09,164,56,12
RMDQ6_v1,SF12_M1_11_v1,-0.708578201,9.14E-17,164,56,12
RMDQ6_v1,SF12_M1_12_v1,-0.673682492,4.51E-15,164,56,12
RMDQ7_v1,Tempo com a dor nas costas,0.344525246,0.008612167,103,22,17
RMDQ7_v1,Intensidade da dor no momento,0.31681608,0.020973156,96,20,15
RMDQ7_v1,BPI - Sono,0.317189683,0.006423791,119,30,6
RMDQ7_v1,Oswestry1_v1,0.9999,7.73E-37,181,39,12
RMDQ7_v1,Oswestry2_v1,0.9999,2.34E-46,181,39,12
RMDQ7_v1,Oswestry3_v1,0.9999,7.04E-34,181,39,12
RMDQ7_v1,Oswestry4_v1,0.9999,6.37E-49,181,39,12
RMDQ7_v1,Oswestry5_v1,0.9999,2.44E-34,181,39,12
RMDQ7_v1,Oswestry6_v1,0.9999,1.71E-36,181,39,12
RMDQ7_v1,Oswestry7_v1,0.9999,3.55E-36,181,39,12
RMDQ7_v1,Oswestry8_v1,0.9999,7.00E-40,181,39,12
RMDQ7_v1,Oswestry9_v1,0.9999,1.89E-41,181,39,12
RMDQ7_v1,Oswestry10_v1,0.9999,2.46E-32,181,39,12
RMDQ7_v1,Somatoria_Owestry,0.9999,3.72E-47,181,39,12
RMDQ7_v1,Ord_RMDQ,0.9999,5.90E-41,96,39,0
RMDQ7_v1,SF12_M1_1_v1,0.688477913,2.10E-13,181,39,12
RMDQ7_v1,SF12_M1_2_v1,-0.868153164,4.31E-22,181,39,12
RMDQ7_v1,SF12_M1_3_v1,-0.92544715,1.03E-25,181,39,12
RMDQ7_v1,SF12_M1_4_v1,-0.766539369,9.43E-17,181,39,12
RMDQ7_v1,SF12_M1_5_v1,-0.831904703,4.83E-20,181,39,12
RMDQ7_v1,SF12_M1_6_v1,-0.911282724,9.05E-25,181,39,12
RMDQ7_v1,SF12_M1_7_v1,-0.972826889,4.04E-29,181,39,12
RMDQ7_v1,SF12_M1_8_v1,0.854760613,2.58E-21,181,39,12
RMDQ7_v1,SF12_M1_9_v1,-0.854235608,2.77E-21,181,39,12
RMDQ7_v1,SF12_M1_10_v1,-0.741124701,1.35E-15,181,39,12
RMDQ7_v1,SF12_M1_11_v1,-0.89511103,9.85E-24,181,39,12
RMDQ7_v1,SF12_M1_12_v1,-0.902447366,3.37E-24,181,39,12
RMDQ8_v1,Intensidade da dor no momento,0.437246262,0.04937693,112,4,15
RMDQ8_v1,Oswestry1_v1,0.401147578,0.0111342,212,8,12
RMDQ8_v1,Oswestry2_v1,0.73870456,1.92E-06,212,8,12
RMDQ8_v1,Oswestry4_v1,0.479559138,0.002330983,212,8,12
RMDQ8_v1,Oswestry6_v1,0.324204491,0.040729948,212,8,12
RMDQ8_v1,Oswestry7_v1,0.572137561,0.000263282,212,8,12
RMDQ8_v1,Oswestry8_v1,0.39179842,0.013195717,212,8,12
RMDQ8_v1,Oswestry9_v1,0.333428947,0.035284416,212,8,12
RMDQ8_v1,Somatoria_Owestry,0.376741158,0.017222912,212,8,12
RMDQ8_v1,Ord_RMDQ,0.766875405,4.50E-06,127,8,0
RMDQ8_v1,SF12_M1_1_v1,0.36704813,0.020348688,212,8,12
RMDQ8_v1,SF12_M1_2_v1,-0.747908836,1.41E-06,212,8,12
RMDQ8_v1,SF12_M1_3_v1,-0.789416356,3.25E-07,212,8,12
RMDQ8_v1,SF12_M1_4_v1,-0.642942291,3.83E-05,212,8,12
RMDQ8_v1,SF12_M1_5_v1,-0.739701999,1.86E-06,212,8,12
RMDQ8_v1,SF12_M1_6_v1,-0.715219205,4.18E-06,212,8,12
RMDQ8_v1,SF12_M1_7_v1,-0.836957868,5.42E-08,212,8,12
RMDQ8_v1,SF12_M1_8_v1,0.577147651,0.000231459,212,8,12
RMDQ8_v1,SF12_M1_9_v1,-0.467038707,0.003043352,212,8,12
RMDQ8_v1,SF12_M1_11_v1,-0.506632994,0.001280184,212,8,12
RMDQ8_v1,SF12_M1_12_v1,-0.44271317,0.005014964,212,8,12
RMDQ9_v1,Tempo com a dor nas costas,0.398875019,0.003709547,107,18,17
RMDQ9_v1,Intensidade da dor nas pernas,0.249216158,0.025002478,157,29,16
RMDQ9_v1,Intensidade da dor no momento,0.346528051,0.013736737,98,18,15
RMDQ9_v1,BPI - Sono,0.241054412,0.042641126,121,28,6
RMDQ9_v1,Oswestry1_v1,0.9999,4.93E-49,186,34,12
RMDQ9_v1,Oswestry2_v1,0.9999,1.05E-58,186,34,12
RMDQ9_v1,Oswestry3_v1,0.9999,4.45E-45,186,34,12
RMDQ9_v1,Oswestry4_v1,0.9999,8.52E-64,186,34,12
RMDQ9_v1,Oswestry5_v1,0.9999,7.10E-47,186,34,12
RMDQ9_v1,Oswestry6_v1,0.9999,5.08E-49,186,34,12
RMDQ9_v1,Oswestry7_v1,0.9999,1.23E-44,186,34,12
RMDQ9_v1,Oswestry8_v1,0.9999,3.47E-49,186,34,12
RMDQ9_v1,Oswestry9_v1,0.9999,1.68E-51,186,34,12
RMDQ9_v1,Oswestry10_v1,0.9999,1.06E-40,186,34,12
RMDQ9_v1,Somatoria_Owestry,0.9999,3.92E-63,186,34,12
RMDQ9_v1,Ord_RMDQ,0.9999,1.29E-63,101,34,0
RMDQ9_v1,SF12_M1_1_v1,0.769439452,1.01E-15,186,34,12
RMDQ9_v1,SF12_M1_2_v1,-0.956155473,1.21E-25,186,34,12
RMDQ9_v1,SF12_M1_3_v1,-0.9999,1.22E-29,186,34,12
RMDQ9_v1,SF12_M1_4_v1,-0.853271474,1.14E-19,186,34,12
RMDQ9_v1,SF12_M1_5_v1,-0.915533036,4.09E-23,186,34,12
RMDQ9_v1,SF12_M1_6_v1,-0.9999,8.14E-30,186,34,12
RMDQ9_v1,SF12_M1_7_v1,-0.9999,2.82E-35,186,34,12
RMDQ9_v1,SF12_M1_8_v1,0.950737892,2.72E-25,186,34,12
RMDQ9_v1,SF12_M1_9_v1,-0.950630375,2.76E-25,186,34,12
RMDQ9_v1,SF12_M1_10_v1,-0.831253369,1.46E-18,186,34,12
RMDQ9_v1,SF12_M1_11_v1,-0.995266886,2.53E-28,186,34,12
RMDQ9_v1,SF12_M1_12_v1,-0.998001694,1.61E-28,186,34,12
RMDQ10_v1,Tempo com a dor nas costas,0.339266714,0.008946312,102,23,17
RMDQ10_v1,Intensidade da dor no momento,0.328290608,0.014270683,94,22,15
RMDQ10_v1,Oswestry1_v1,0.9999,8.26E-39,180,40,12
RMDQ10_v1,Oswestry2_v1,0.9999,2.36E-39,180,40,12
RMDQ10_v1,Oswestry3_v1,0.9999,1.03E-40,180,40,12
RMDQ10_v1,Oswestry4_v1,0.9999,5.51E-43,180,40,12
RMDQ10_v1,Oswestry5_v1,0.9999,4.75E-40,180,40,12
RMDQ10_v1,Oswestry6_v1,0.9999,3.22E-42,180,40,12
RMDQ10_v1,Oswestry7_v1,0.9999,6.73E-34,180,40,12
RMDQ10_v1,Oswestry8_v1,0.9999,6.18E-32,180,40,12
RMDQ10_v1,Oswestry9_v1,0.9999,6.06E-36,180,40,12
RMDQ10_v1,Oswestry10_v1,0.9999,8.48E-32,180,40,12
RMDQ10_v1,Somatoria_Owestry,0.9999,5.10E-46,180,40,12
RMDQ10_v1,Ord_RMDQ,0.9999,1.89E-46,95,40,0
RMDQ10_v1,SF12_M1_1_v1,0.629379306,2.33E-11,180,40,12
RMDQ10_v1,SF12_M1_2_v1,-0.858032103,8.40E-22,180,40,12
RMDQ10_v1,SF12_M1_3_v1,-0.865289557,3.13E-22,180,40,12
RMDQ10_v1,SF12_M1_4_v1,-0.75638579,1.71E-16,180,40,12
RMDQ10_v1,SF12_M1_5_v1,-0.822722354,8.15E-20,180,40,12
RMDQ10_v1,SF12_M1_6_v1,-0.941208688,3.33E-27,180,40,12
RMDQ10_v1,SF12_M1_7_v1,-0.9999,6.70E-32,180,40,12
RMDQ10_v1,SF12_M1_8_v1,0.805212233,6.88E-19,180,40,12
RMDQ10_v1,SF12_M1_9_v1,-0.804516424,7.48E-19,180,40,12
RMDQ10_v1,SF12_M1_10_v1,-0.790728218,3.77E-18,180,40,12
RMDQ10_v1,SF12_M1_11_v1,-0.942491429,2.69E-27,180,40,12
RMDQ10_v1,SF12_M1_12_v1,-0.919563014,1.09E-25,180,40,12
RMDQ11_v1,Tempo com a dor nas costas,0.295251832,0.023379967,102,23,17
RMDQ11_v1,Dor_costas_VAS,0.260758665,0.023099441,135,29,17
RMDQ11_v1,Intensidade da dor nas pernas,0.215444255,0.042813901,151,35,16
RMDQ11_v1,Intensidade da dor no momento,0.369322581,0.005174392,93,23,15
RMDQ11_v1,BPI - Sono,0.249996669,0.027970832,115,34,6
RMDQ11_v1,Oswestry1_v1,0.9999,7.75E-40,178,42,12
RMDQ11_v1,Oswestry2_v1,0.9999,9.57E-42,178,42,12
RMDQ11_v1,Oswestry3_v1,0.9999,1.71E-36,178,42,12
RMDQ11_v1,Oswestry4_v1,0.9999,2.28E-43,178,42,12
RMDQ11_v1,Oswestry5_v1,0.9999,1.53E-35,178,42,12
RMDQ11_v1,Oswestry6_v1,0.9999,4.20E-33,178,42,12
RMDQ11_v1,Oswestry7_v1,0.96656922,5.94E-30,178,42,12
RMDQ11_v1,Oswestry8_v1,0.963931509,9.64E-30,178,42,12
RMDQ11_v1,Oswestry9_v1,0.9999,1.52E-37,178,42,12
RMDQ11_v1,Oswestry10_v1,0.962830285,1.18E-29,178,42,12
RMDQ11_v1,Somatoria_Owestry,0.9999,3.13E-43,178,42,12
RMDQ11_v1,Ord_RMDQ,0.9999,5.43E-43,93,42,0
RMDQ11_v1,SF12_M1_1_v1,0.721483365,2.71E-15,178,42,12
RMDQ11_v1,SF12_M1_2_v1,-0.911167422,7.85E-26,178,42,12
RMDQ11_v1,SF12_M1_3_v1,-0.921705363,1.43E-26,178,42,12
RMDQ11_v1,SF12_M1_4_v1,-0.772289362,1.13E-17,178,42,12
RMDQ11_v1,SF12_M1_5_v1,-0.880302614,8.92E-24,178,42,12
RMDQ11_v1,SF12_M1_6_v1,-0.999169433,1.12E-32,178,42,12
RMDQ11_v1,SF12_M1_7_v1,-0.9999,3.29E-38,178,42,12
RMDQ11_v1,SF12_M1_8_v1,0.887636216,2.99E-24,178,42,12
RMDQ11_v1,SF12_M1_9_v1,-0.822805248,2.46E-20,178,42,12
RMDQ11_v1,SF12_M1_10_v1,-0.807123257,1.78E-19,178,42,12
RMDQ11_v1,SF12_M1_11_v1,-0.955449158,4.46E-29,178,42,12
RMDQ11_v1,SF12_M1_12_v1,-0.936791498,1.15E-27,178,42,12
RMDQ12_v1,Tempo com a dor nas costas,0.313147727,0.0149997,101,24,17
RMDQ12_v1,Intensidade da dor no momento,0.3736044,0.005113678,94,22,15
RMDQ12_v1,BPI_8_v1,-0.228575475,0.042748277,120,34,6
RMDQ12_v1,BPI - Atividde geral,0.299998963,0.008999096,117,32,6
RMDQ12_v1,BPI - Trabalho,0.342155605,0.002791306,117,32,6
RMDQ12_v1,BPI - Relacionamento com outras pessoas,0.242174145,0.035729382,117,32,6
RMDQ12_v1,BPI - Sono,0.358692705,0.001694171,117,32,6
RMDQ12_v1,Oswestry1_v1,0.9999,1.55E-36,176,44,12
RMDQ12_v1,Oswestry2_v1,0.9999,2.49E-42,176,44,12
RMDQ12_v1,Oswestry3_v1,0.9999,2.35E-35,176,44,12
RMDQ12_v1,Oswestry4_v1,0.9999,1.65E-42,176,44,12
RMDQ12_v1,Oswestry5_v1,0.9999,8.13E-35,176,44,12
RMDQ12_v1,Oswestry6_v1,0.971593762,3.27E-31,176,44,12
RMDQ12_v1,Oswestry7_v1,0.9999,1.17E-36,176,44,12
RMDQ12_v1,Oswestry8_v1,0.943462283,6.25E-29,176,44,12
RMDQ12_v1,Oswestry9_v1,0.9999,9.36E-38,176,44,12
RMDQ12_v1,Oswestry10_v1,0.942716227,7.15E-29,176,44,12
RMDQ12_v1,Somatoria_Owestry,0.9999,8.02E-43,176,44,12
RMDQ12_v1,Ord_RMDQ,0.9999,9.55E-38,91,44,0
RMDQ12_v1,SF12_M1_1_v1,0.695574753,1.71E-14,176,44,12
RMDQ12_v1,SF12_M1_2_v1,-0.799569664,1.57E-19,176,44,12
RMDQ12_v1,SF12_M1_3_v1,-0.857479855,6.46E-23,176,44,12
RMDQ12_v1,SF12_M1_4_v1,-0.743219812,1.19E-16,176,44,12
RMDQ12_v1,SF12_M1_5_v1,-0.766779086,8.26E-18,176,44,12
RMDQ12_v1,SF12_M1_6_v1,-0.852965876,1.24E-22,176,44,12
RMDQ12_v1,SF12_M1_7_v1,-0.910833728,1.72E-26,176,44,12
RMDQ12_v1,SF12_M1_8_v1,0.779307187,1.88E-18,176,44,12
RMDQ12_v1,SF12_M1_9_v1,-0.778423796,2.09E-18,176,44,12
RMDQ12_v1,SF12_M1_10_v1,-0.700557724,1.04E-14,176,44,12
RMDQ12_v1,SF12_M1_11_v1,-0.90778237,2.84E-26,176,44,12
RMDQ12_v1,SF12_M1_12_v1,-0.859283671,4.98E-23,176,44,12
RMDQ13_v1,Tempo com a dor nas costas,0.330415288,0.009463044,100,25,17
RMDQ13_v1,BPI_8_v1,-0.34164783,0.002411364,121,33,6
RMDQ13_v1,BPI - Atividde geral,0.321119766,0.004533864,115,34,6
RMDQ13_v1,BPI - Humor,0.260433345,0.021959213,115,34,6
RMDQ13_v1,BPI - Trabalho,0.386291079,0.000590034,115,34,6
RMDQ13_v1,BPI - Relacionamento com outras pessoas,0.264074731,0.02014157,115,34,6
RMDQ13_v1,BPI - Sono,0.426480638,0.000138392,115,34,6
RMDQ13_v1,BPI - Habilidade para apreciar a vida,0.299850362,0.008152901,115,34,6
RMDQ13_v1,Oswestry1_v1,0.949739445,3.46E-30,174,46,12
RMDQ13_v1,Oswestry2_v1,0.9999,1.36E-37,174,46,12
RMDQ13_v1,Oswestry3_v1,0.934342282,6.01E-29,174,46,12
RMDQ13_v1,Oswestry4_v1,0.9999,3.59E-38,174,46,12
RMDQ13_v1,Oswestry5_v1,0.946535134,6.33E-30,174,46,12
RMDQ13_v1,Oswestry6_v1,0.880669097,5.31E-25,174,46,12
RMDQ13_v1,Oswestry7_v1,0.945234318,8.08E-30,174,46,12
RMDQ13_v1,Oswestry8_v1,0.897123887,3.75E-26,174,46,12
RMDQ13_v1,Oswestry9_v1,0.964830483,1.87E-31,174,46,12
RMDQ13_v1,Oswestry10_v1,0.84168004,1.86E-22,174,46,12
RMDQ13_v1,Somatoria_Owestry,0.9999,1.54E-35,174,46,12
RMDQ13_v1,Ord_RMDQ,0.975499324,4.04E-26,89,46,0
RMDQ13_v1,SF12_M1_1_v1,0.630285546,3.98E-12,174,46,12
RMDQ13_v1,SF12_M1_2_v1,-0.740007683,7.48E-17,174,46,12
RMDQ13_v1,SF12_M1_3_v1,-0.797554483,7.40E-20,174,46,12
RMDQ13_v1,SF12_M1_4_v1,-0.705527528,3.09E-15,174,46,12
RMDQ13_v1,SF12_M1_5_v1,-0.707053289,2.64E-15,174,46,12
RMDQ13_v1,SF12_M1_6_v1,-0.796409621,8.57E-20,174,46,12
RMDQ13_v1,SF12_M1_7_v1,-0.853402182,3.39E-23,174,46,12
RMDQ13_v1,SF12_M1_8_v1,0.723083821,4.82E-16,174,46,12
RMDQ13_v1,SF12_M1_9_v1,-0.721981845,5.43E-16,174,46,12
RMDQ13_v1,SF12_M1_10_v1,-0.615347385,1.43E-11,174,46,12
RMDQ13_v1,SF12_M1_11_v1,-0.759750521,7.74E-18,174,46,12
RMDQ13_v1,SF12_M1_12_v1,-0.771401709,1.93E-18,174,46,12
RMDQ14_v1,Tempo com a dor nas costas,0.265417706,0.036367546,99,26,17
RMDQ14_v1,Intensidade da dor no momento,0.295225586,0.023605474,91,25,15
RMDQ14_v1,Oswestry1_v1,0.968810576,5.55E-33,171,49,12
RMDQ14_v1,Oswestry2_v1,0.9999,2.78E-36,171,49,12
RMDQ14_v1,Oswestry3_v1,0.927866316,1.88E-29,171,49,12
RMDQ14_v1,Oswestry4_v1,0.9999,5.90E-37,171,49,12
RMDQ14_v1,Oswestry5_v1,0.919012353,9.69E-29,171,49,12
RMDQ14_v1,Oswestry6_v1,0.960853363,2.91E-32,171,49,12
RMDQ14_v1,Oswestry7_v1,0.90535683,1.12E-27,171,49,12
RMDQ14_v1,Oswestry8_v1,0.941175793,1.48E-30,171,49,12
RMDQ14_v1,Oswestry9_v1,0.92516342,3.12E-29,171,49,12
RMDQ14_v1,Oswestry10_v1,0.927510605,2.01E-29,171,49,12
RMDQ14_v1,Somatoria_Owestry,0.9999,1.24E-37,171,49,12
RMDQ14_v1,Ord_RMDQ,0.9833235,2.00E-27,86,49,0
RMDQ14_v1,SF12_M1_1_v1,0.666086285,6.38E-14,171,49,12
RMDQ14_v1,SF12_M1_2_v1,-0.832039252,1.42E-22,171,49,12
RMDQ14_v1,SF12_M1_3_v1,-0.848033633,1.32E-23,171,49,12
RMDQ14_v1,SF12_M1_4_v1,-0.759122125,2.39E-18,171,49,12
RMDQ14_v1,SF12_M1_5_v1,-0.805323754,6.16E-21,171,49,12
RMDQ14_v1,SF12_M1_6_v1,-0.840884604,3.87E-23,171,49,12
RMDQ14_v1,SF12_M1_7_v1,-0.895591741,6.13E-27,171,49,12
RMDQ14_v1,SF12_M1_8_v1,0.835441113,8.66E-23,171,49,12
RMDQ14_v1,SF12_M1_9_v1,-0.834576808,9.83E-23,171,49,12
RMDQ14_v1,SF12_M1_10_v1,-0.813782558,1.92E-21,171,49,12
RMDQ14_v1,SF12_M1_11_v1,-0.953051187,1.42E-31,171,49,12
RMDQ14_v1,SF12_M1_12_v1,-0.945629351,6.21E-31,171,49,12
RMDQ15_v1,Tempo com a dor nas costas,0.347696689,0.01653906,110,15,17
RMDQ15_v1,Dor_costas_VAS,0.24456336,0.047321128,142,22,17
RMDQ15_v1,Intensidade da dor no momento,0.41607715,0.004599687,101,15,15
RMDQ15_v1,BPI - Sono,0.258348421,0.043033571,128,21,6
RMDQ15_v1,Oswestry1_v1,0.9999,1.28E-38,189,31,12
RMDQ15_v1,Oswestry2_v1,0.9999,1.39E-35,189,31,12
RMDQ15_v1,Oswestry3_v1,0.9999,1.93E-44,189,31,12
RMDQ15_v1,Oswestry4_v1,0.9999,1.95E-44,189,31,12
RMDQ15_v1,Oswestry5_v1,0.9999,5.26E-44,189,31,12
RMDQ15_v1,Oswestry6_v1,0.9999,6.81E-44,189,31,12
RMDQ15_v1,Oswestry7_v1,0.9999,1.98E-33,189,31,12
RMDQ15_v1,Oswestry8_v1,0.9999,9.07E-45,189,31,12
RMDQ15_v1,Oswestry9_v1,0.9999,4.61E-47,189,31,12
RMDQ15_v1,Oswestry10_v1,0.9999,2.75E-42,189,31,12
RMDQ15_v1,Somatoria_Owestry,0.9999,8.39E-52,189,31,12
RMDQ15_v1,Ord_RMDQ,0.9999,7.86E-30,104,31,0
RMDQ15_v1,SF12_M1_1_v1,0.811681692,9.60E-17,189,31,12
RMDQ15_v1,SF12_M1_2_v1,-0.858943219,6.16E-19,189,31,12
RMDQ15_v1,SF12_M1_3_v1,-0.912969455,9.86E-22,189,31,12
RMDQ15_v1,SF12_M1_4_v1,-0.746176304,4.79E-14,189,31,12
RMDQ15_v1,SF12_M1_5_v1,-0.824084794,2.68E-17,189,31,12
RMDQ15_v1,SF12_M1_6_v1,-0.923326265,2.62E-22,189,31,12
RMDQ15_v1,SF12_M1_7_v1,-0.935598152,5.25E-23,189,31,12
RMDQ15_v1,SF12_M1_8_v1,0.865917613,2.80E-19,189,31,12
RMDQ15_v1,SF12_M1_9_v1,-0.846076605,2.56E-18,189,31,12
RMDQ15_v1,SF12_M1_10_v1,-0.782515839,1.70E-15,189,31,12
RMDQ15_v1,SF12_M1_11_v1,-0.91712203,5.82E-22,189,31,12
RMDQ15_v1,SF12_M1_12_v1,-0.950567348,6.94E-24,189,31,12
RMDQ16_v1,Tempo com a dor nas costas,0.397060299,0.002641032,104,21,17
RMDQ16_v1,Intensidade da dor no momento,0.330962493,0.017157474,97,19,15
RMDQ16_v1,Oswestry1_v1,0.9999,1.90E-37,183,37,12
RMDQ16_v1,Oswestry2_v1,0.9999,7.53E-44,183,37,12
RMDQ16_v1,Oswestry3_v1,0.9999,5.57E-38,183,37,12
RMDQ16_v1,Oswestry4_v1,0.9999,1.54E-50,183,37,12
RMDQ16_v1,Oswestry5_v1,0.9999,5.98E-39,183,37,12
RMDQ16_v1,Oswestry6_v1,0.9999,4.18E-41,183,37,12
RMDQ16_v1,Oswestry7_v1,0.9999,8.68E-36,183,37,12
RMDQ16_v1,Oswestry8_v1,0.9999,3.00E-38,183,37,12
RMDQ16_v1,Oswestry9_v1,0.9999,7.51E-40,183,37,12
RMDQ16_v1,Oswestry10_v1,0.9999,3.41E-32,183,37,12
RMDQ16_v1,Somatoria_Owestry,0.9999,1.47E-48,183,37,12
RMDQ16_v1,Ord_RMDQ,0.9999,2.75E-40,98,37,0
RMDQ16_v1,SF12_M1_1_v1,0.686817301,5.30E-13,183,37,12
RMDQ16_v1,SF12_M1_2_v1,-0.838464311,7.99E-20,183,37,12
RMDQ16_v1,SF12_M1_3_v1,-0.89442165,5.46E-23,183,37,12
RMDQ16_v1,SF12_M1_4_v1,-0.738580956,4.44E-15,183,37,12
RMDQ16_v1,SF12_M1_5_v1,-0.798271933,8.69E-18,183,37,12
RMDQ16_v1,SF12_M1_6_v1,-0.90220113,1.84E-23,183,37,12
RMDQ16_v1,SF12_M1_7_v1,-0.96586665,1.09E-27,183,37,12
RMDQ16_v1,SF12_M1_8_v1,0.838158202,8.29E-20,183,37,12
RMDQ16_v1,SF12_M1_9_v1,-0.837641839,8.83E-20,183,37,12
RMDQ16_v1,SF12_M1_10_v1,-0.723166006,1.95E-14,183,37,12
RMDQ16_v1,SF12_M1_11_v1,-0.881236565,3.32E-22,183,37,12
RMDQ16_v1,SF12_M1_12_v1,-0.884937566,2.01E-22,183,37,12
RMDQ17_v1,Tempo com a dor nas costas,0.27027427,0.036363975,101,24,17
RMDQ17_v1,Intensidade da dor no momento,0.273914058,0.041728972,94,22,15
RMDQ17_v1,BPI - Trabalho,0.236776156,0.038792856,116,33,6
RMDQ17_v1,BPI - Sono,0.259898919,0.023110392,116,33,6
RMDQ17_v1,Oswestry1_v1,0.851865814,7.37E-24,171,49,12
RMDQ17_v1,Oswestry2_v1,0.925829639,2.75E-29,171,49,12
RMDQ17_v1,Oswestry3_v1,0.927866316,1.88E-29,171,49,12
RMDQ17_v1,Oswestry4_v1,0.957507264,5.76E-32,171,49,12
RMDQ17_v1,Oswestry5_v1,0.903281962,1.62E-27,171,49,12
RMDQ17_v1,Oswestry6_v1,0.916571314,1.51E-28,171,49,12
RMDQ17_v1,Oswestry7_v1,0.873726133,2.35E-25,171,49,12
RMDQ17_v1,Oswestry8_v1,0.860403929,1.96E-24,171,49,12
RMDQ17_v1,Oswestry9_v1,0.898442145,3.75E-27,171,49,12
RMDQ17_v1,Oswestry10_v1,0.847531901,1.43E-23,171,49,12
RMDQ17_v1,Somatoria_Owestry,0.959729218,3.66E-32,171,49,12
RMDQ17_v1,Ord_RMDQ,0.946206923,1.68E-24,86,49,0
RMDQ17_v1,SF12_M1_1_v1,0.532808447,4.78E-09,171,49,12
RMDQ17_v1,SF12_M1_2_v1,-0.613812457,7.95E-12,171,49,12
RMDQ17_v1,SF12_M1_3_v1,-0.692356938,4.48E-15,171,49,12
RMDQ17_v1,SF12_M1_4_v1,-0.516686001,1.48E-08,171,49,12
RMDQ17_v1,SF12_M1_5_v1,-0.646852175,4.04E-13,171,49,12
RMDQ17_v1,SF12_M1_6_v1,-0.684733357,9.85E-15,171,49,12
RMDQ17_v1,SF12_M1_7_v1,-0.685667809,8.95E-15,171,49,12
RMDQ17_v1,SF12_M1_8_v1,0.659838841,1.17E-13,171,49,12
RMDQ17_v1,SF12_M1_9_v1,-0.599766612,2.64E-11,171,49,12
RMDQ17_v1,SF12_M1_10_v1,-0.525300181,8.14E-09,171,49,12
RMDQ17_v1,SF12_M1_11_v1,-0.709945783,6.90E-16,171,49,12
RMDQ17_v1,SF12_M1_12_v1,-0.663854994,7.94E-14,171,49,12
RMDQ18_v1,Tempo com a dor nas costas,0.284898818,0.034697462,105,20,17
RMDQ18_v1,Dor_costas_VAS,0.252535547,0.032340037,138,26,17
RMDQ18_v1,Intensidade da dor no momento,0.374539638,0.006103838,96,20,15
RMDQ18_v1,Oswestry1_v1,0.9999,1.27E-45,184,36,12
RMDQ18_v1,Oswestry2_v1,0.9999,3.29E-47,184,36,12
RMDQ18_v1,Oswestry3_v1,0.9999,1.66E-44,184,36,12
RMDQ18_v1,Oswestry4_v1,0.9999,2.52E-54,184,36,12
RMDQ18_v1,Oswestry5_v1,0.9999,1.29E-40,184,36,12
RMDQ18_v1,Oswestry6_v1,0.9999,1.75E-49,184,36,12
RMDQ18_v1,Oswestry7_v1,0.9999,2.26E-40,184,36,12
RMDQ18_v1,Oswestry8_v1,0.9999,4.12E-39,184,36,12
RMDQ18_v1,Oswestry9_v1,0.9999,1.37E-42,184,36,12
RMDQ18_v1,Oswestry10_v1,0.9999,3.30E-37,184,36,12
RMDQ18_v1,Somatoria_Owestry,0.9999,6.30E-55,184,36,12
RMDQ18_v1,Ord_RMDQ,0.9999,2.20E-53,99,36,0
RMDQ18_v1,SF12_M1_1_v1,0.734573122,1.05E-14,184,36,12
RMDQ18_v1,SF12_M1_2_v1,-0.981389484,2.44E-28,184,36,12
RMDQ18_v1,SF12_M1_3_v1,-0.9999,9.99E-31,184,36,12
RMDQ18_v1,SF12_M1_4_v1,-0.889725933,2.36E-22,184,36,12
RMDQ18_v1,SF12_M1_5_v1,-0.97235661,1.09E-27,184,36,12
RMDQ18_v1,SF12_M1_6_v1,-0.9999,6.83E-36,184,36,12
RMDQ18_v1,SF12_M1_7_v1,-0.9999,6.70E-41,184,36,12
RMDQ18_v1,SF12_M1_8_v1,0.909365963,1.58E-23,184,36,12
RMDQ18_v1,SF12_M1_9_v1,-0.909082774,1.64E-23,184,36,12
RMDQ18_v1,SF12_M1_10_v1,-0.896986515,8.81E-23,184,36,12
RMDQ18_v1,SF12_M1_11_v1,-0.9999,8.02E-33,184,36,12
RMDQ18_v1,SF12_M1_12_v1,-0.9999,1.53E-30,184,36,12
RMDQ19_v1,Tempo com a dor nas costas,0.337712876,0.017868247,109,16,17
RMDQ19_v1,Intensidade da dor nas pernas,0.292983308,0.009502184,159,27,16
RMDQ19_v1,Intensidade da dor no momento,0.371775386,0.010238897,100,16,15
RMDQ19_v1,Oswestry1_v1,0.9999,1.66E-48,188,32,12
RMDQ19_v1,Oswestry2_v1,0.9999,5.91E-56,188,32,12
RMDQ19_v1,Oswestry3_v1,0.9999,5.34E-44,188,32,12
RMDQ19_v1,Oswestry4_v1,0.9999,8.52E-65,188,32,12
RMDQ19_v1,Oswestry5_v1,0.9999,4.08E-44,188,32,12
RMDQ19_v1,Oswestry6_v1,0.9999,2.69E-46,188,32,12
RMDQ19_v1,Oswestry7_v1,0.9999,2.19E-42,188,32,12
RMDQ19_v1,Oswestry8_v1,0.9999,2.13E-52,188,32,12
RMDQ19_v1,Oswestry9_v1,0.9999,1.02E-47,188,32,12
RMDQ19_v1,Oswestry10_v1,0.9999,4.47E-41,188,32,12
RMDQ19_v1,Somatoria_Owestry,0.9999,1.59E-61,188,32,12
RMDQ19_v1,Ord_RMDQ,0.9999,5.31E-52,103,32,0
RMDQ19_v1,SF12_M1_1_v1,0.825700428,1.10E-17,188,32,12
RMDQ19_v1,SF12_M1_2_v1,-0.987313407,1.04E-26,188,32,12
RMDQ19_v1,SF12_M1_3_v1,-0.9999,8.71E-31,188,32,12
RMDQ19_v1,SF12_M1_4_v1,-0.89773053,2.63E-21,188,32,12
RMDQ19_v1,SF12_M1_5_v1,-0.958945583,7.08E-25,188,32,12
RMDQ19_v1,SF12_M1_6_v1,-0.9999,1.21E-30,188,32,12
RMDQ19_v1,SF12_M1_7_v1,-0.9999,4.24E-35,188,32,12
RMDQ19_v1,SF12_M1_8_v1,0.901384968,1.66E-21,188,32,12
RMDQ19_v1,SF12_M1_9_v1,-0.939511238,1.09E-23,188,32,12
RMDQ19_v1,SF12_M1_10_v1,-0.817955176,2.51E-17,188,32,12
RMDQ19_v1,SF12_M1_11_v1,-0.9501073,2.49E-24,188,32,12
RMDQ19_v1,SF12_M1_12_v1,-0.986018447,1.27E-26,188,32,12
RMDQ20_v1,Tempo com a dor nas costas,0.381148418,0.00442378,105,20,17
RMDQ20_v1,Intensidade da dor no momento,0.275909956,0.042494218,95,21,15
RMDQ20_v1,BPI - Trabalho,0.245532765,0.03888339,121,28,6
RMDQ20_v1,BPI - Sono,0.260210202,0.028461095,121,28,6
RMDQ20_v1,Oswestry1_v1,0.9999,8.80E-43,182,38,12
RMDQ20_v1,Oswestry2_v1,0.9999,2.23E-47,182,38,12
RMDQ20_v1,Oswestry3_v1,0.9999,4.08E-44,182,38,12
RMDQ20_v1,Oswestry4_v1,0.9999,1.48E-50,182,38,12
RMDQ20_v1,Oswestry5_v1,0.9999,2.28E-43,182,38,12
RMDQ20_v1,Oswestry6_v1,0.9999,1.61E-45,182,38,12
RMDQ20_v1,Oswestry7_v1,0.9999,1.17E-40,182,38,12
RMDQ20_v1,Oswestry8_v1,0.9999,1.87E-37,182,38,12
RMDQ20_v1,Oswestry9_v1,0.9999,2.24E-42,182,38,12
RMDQ20_v1,Oswestry10_v1,0.9999,3.30E-37,182,38,12
RMDQ20_v1,Somatoria_Owestry,0.9999,1.54E-53,182,38,12
RMDQ20_v1,Ord_RMDQ,0.9999,4.94E-54,97,38,0
RMDQ20_v1,SF12_M1_1_v1,0.687552829,3.36E-13,182,38,12
RMDQ20_v1,SF12_M1_2_v1,-0.853422869,6.16E-21,182,38,12
RMDQ20_v1,SF12_M1_3_v1,-0.910050792,2.53E-24,182,38,12
RMDQ20_v1,SF12_M1_4_v1,-0.752675706,6.66E-16,182,38,12
RMDQ20_v1,SF12_M1_5_v1,-0.815241573,6.81E-19,182,38,12
RMDQ20_v1,SF12_M1_6_v1,-0.919684702,6.04E-25,182,38,12
RMDQ20_v1,SF12_M1_7_v1,-0.982139341,2.30E-29,182,38,12
RMDQ20_v1,SF12_M1_8_v1,0.837930377,4.37E-20,182,38,12
RMDQ20_v1,SF12_M1_9_v1,-0.837385142,4.67E-20,182,38,12
RMDQ20_v1,SF12_M1_10_v1,-0.757417294,4.09E-16,182,38,12
RMDQ20_v1,SF12_M1_11_v1,-0.979891377,3.41E-29,182,38,12
RMDQ20_v1,SF12_M1_12_v1,-0.919645651,6.08E-25,182,38,12
RMDQ21_v1,Intensidade da dor no momento,0.331208991,0.011617846,92,24,15
RMDQ21_v1,BPI - Humor,-0.255002546,0.020484812,109,40,6
RMDQ21_v1,BPI - Habilidade de caminhar,-0.262525372,0.016984692,109,40,6
RMDQ21_v1,Oswestry1_v1,0.9999,3.79E-36,172,48,12
RMDQ21_v1,Oswestry2_v1,0.980261985,1.22E-33,172,48,12
RMDQ21_v1,Oswestry3_v1,0.905212866,2.32E-27,172,48,12
RMDQ21_v1,Oswestry4_v1,0.989618561,1.60E-34,172,48,12
RMDQ21_v1,Oswestry5_v1,0.885296001,6.71E-26,172,48,12
RMDQ21_v1,Oswestry6_v1,0.97438006,4.25E-33,172,48,12
RMDQ21_v1,Oswestry7_v1,0.928776375,3.41E-29,172,48,12
RMDQ21_v1,Oswestry8_v1,0.962951949,4.52E-32,172,48,12
RMDQ21_v1,Oswestry9_v1,0.946853882,1.11E-30,172,48,12
RMDQ21_v1,Oswestry10_v1,0.962324656,5.13E-32,172,48,12
RMDQ21_v1,Somatoria_Owestry,0.9999,1.00E-37,172,48,12
RMDQ21_v1,Ord_RMDQ,0.9999,2.77E-34,87,48,0
RMDQ21_v1,SF12_M1_1_v1,0.730707736,9.87E-17,172,48,12
RMDQ21_v1,SF12_M1_2_v1,-0.860800197,3.34E-24,172,48,12
RMDQ21_v1,SF12_M1_3_v1,-0.876424547,2.84E-25,172,48,12
RMDQ21_v1,SF12_M1_4_v1,-0.755734773,5.40E-18,172,48,12
RMDQ21_v1,SF12_M1_5_v1,-0.834264568,1.76E-22,172,48,12
RMDQ21_v1,SF12_M1_6_v1,-0.924035956,8.15E-29,172,48,12
RMDQ21_v1,SF12_M1_7_v1,-0.978552071,1.76E-33,172,48,12
RMDQ21_v1,SF12_M1_8_v1,0.788834704,8.80E-20,172,48,12
RMDQ21_v1,SF12_M1_9_v1,-0.787864912,9.98E-20,172,48,12
RMDQ21_v1,SF12_M1_10_v1,-0.768523853,1.14E-18,172,48,12
RMDQ21_v1,SF12_M1_11_v1,-0.909261765,1.14E-27,172,48,12
RMDQ21_v1,SF12_M1_12_v1,-0.898754267,7.04E-27,172,48,12
RMDQ22_v1,Tempo com a dor nas costas,0.314806665,0.021015614,106,19,17
RMDQ22_v1,Intensidade da dor nas pernas,0.246039405,0.023352803,154,32,16
RMDQ22_v1,Intensidade da dor no momento,0.307195487,0.025301226,96,20,15
RMDQ22_v1,BPI_8_v1,-0.247788474,0.032522251,124,30,6
RMDQ22_v1,BPI - Atividde geral,0.229651252,0.049851427,119,30,6
RMDQ22_v1,BPI - Trabalho,0.295440327,0.011272576,119,30,6
RMDQ22_v1,BPI - Sono,0.32943512,0.004605276,119,30,6
RMDQ22_v1,Oswestry1_v1,0.9999,1.39E-44,182,38,12
RMDQ22_v1,Oswestry2_v1,0.9999,2.23E-47,182,38,12
RMDQ22_v1,Oswestry3_v1,0.9999,2.39E-39,182,38,12
RMDQ22_v1,Oswestry4_v1,0.9999,1.48E-50,182,38,12
RMDQ22_v1,Oswestry5_v1,0.9999,1.18E-35,182,38,12
RMDQ22_v1,Oswestry6_v1,0.9999,1.90E-41,182,38,12
RMDQ22_v1,Oswestry7_v1,0.9999,1.06E-38,182,38,12
RMDQ22_v1,Oswestry8_v1,0.9999,1.76E-34,182,38,12
RMDQ22_v1,Oswestry9_v1,0.9999,5.62E-39,182,38,12
RMDQ22_v1,Oswestry10_v1,0.9999,1.03E-35,182,38,12
RMDQ22_v1,Somatoria_Owestry,0.9999,4.98E-50,182,38,12
RMDQ22_v1,Ord_RMDQ,0.9999,6.67E-51,97,38,0
RMDQ22_v1,SF12_M1_1_v1,0.734190533,4.27E-15,182,38,12
RMDQ22_v1,SF12_M1_2_v1,-0.878877456,2.11E-22,182,38,12
RMDQ22_v1,SF12_M1_3_v1,-0.961932412,7.39E-28,182,38,12
RMDQ22_v1,SF12_M1_4_v1,-0.826445526,1.79E-19,182,38,12
RMDQ22_v1,SF12_M1_5_v1,-0.907664425,3.60E-24,182,38,12
RMDQ22_v1,SF12_M1_6_v1,-0.971724475,1.41E-28,182,38,12
RMDQ22_v1,SF12_M1_7_v1,-0.9999,6.03E-36,182,38,12
RMDQ22_v1,SF12_M1_8_v1,0.820861425,3.49E-19,182,38,12
RMDQ22_v1,SF12_M1_9_v1,-0.871621293,5.63E-22,182,38,12
RMDQ22_v1,SF12_M1_10_v1,-0.740592596,2.26E-15,182,38,12
RMDQ22_v1,SF12_M1_11_v1,-0.946530792,9.24E-27,182,38,12
RMDQ22_v1,SF12_M1_12_v1,-0.885048858,9.01E-23,182,38,12
RMDQ23_v1,Tempo com a dor nas costas,0.381148418,0.00442378,105,20,17
RMDQ23_v1,Intensidade da dor no momento,0.34090594,0.014016915,97,19,15
RMDQ23_v1,Oswestry1_v1,0.9999,1.25E-40,183,37,12
RMDQ23_v1,Oswestry2_v1,0.9999,1.71E-48,183,37,12
RMDQ23_v1,Oswestry3_v1,0.9999,4.60E-46,183,37,12
RMDQ23_v1,Oswestry4_v1,0.9999,2.38E-52,183,37,12
RMDQ23_v1,Oswestry5_v1,0.9999,4.97E-43,183,37,12
RMDQ23_v1,Oswestry6_v1,0.9999,8.90E-50,183,37,12
RMDQ23_v1,Oswestry7_v1,0.9999,1.67E-39,183,37,12
RMDQ23_v1,Oswestry8_v1,0.9999,1.12E-36,183,37,12
RMDQ23_v1,Oswestry9_v1,0.9999,1.43E-41,183,37,12
RMDQ23_v1,Oswestry10_v1,0.9999,1.98E-36,183,37,12
RMDQ23_v1,Somatoria_Owestry,0.9999,8.63E-54,183,37,12
RMDQ23_v1,Ord_RMDQ,0.9999,1.11E-49,98,37,0
RMDQ23_v1,SF12_M1_1_v1,0.671003612,2.06E-12,183,37,12
RMDQ23_v1,SF12_M1_2_v1,-0.838464311,7.99E-20,183,37,12
RMDQ23_v1,SF12_M1_3_v1,-0.920809308,1.24E-24,183,37,12
RMDQ23_v1,SF12_M1_4_v1,-0.751087715,1.28E-15,183,37,12
RMDQ23_v1,SF12_M1_5_v1,-0.825133332,3.97E-19,183,37,12
RMDQ23_v1,SF12_M1_6_v1,-0.928669226,3.85E-25,183,37,12
RMDQ23_v1,SF12_M1_7_v1,-0.978976074,1.20E-28,183,37,12
RMDQ23_v1,SF12_M1_8_v1,0.80343225,4.87E-18,183,37,12
RMDQ23_v1,SF12_M1_9_v1,-0.802815948,5.22E-18,183,37,12
RMDQ23_v1,SF12_M1_10_v1,-0.723166006,1.95E-14,183,37,12
RMDQ23_v1,SF12_M1_11_v1,-0.93213943,2.28E-25,183,37,12
RMDQ23_v1,SF12_M1_12_v1,-0.867341193,2.09E-21,183,37,12
RMDQ24_v1,Tempo com a dor nas costas,0.364586339,0.007301658,106,19,17
RMDQ24_v1,Intensidade da dor nas pernas,0.23532743,0.032916767,156,30,16
RMDQ24_v1,Intensidade da dor no momento,0.350849387,0.011389356,97,19,15
RMDQ24_v1,BPI - Trabalho,0.245532765,0.03888339,121,28,6
RMDQ24_v1,BPI - Sono,0.260210202,0.028461095,121,28,6
RMDQ24_v1,Oswestry1_v1,0.9999,1.30E-51,185,35,12
RMDQ24_v1,Oswestry2_v1,0.9999,6.61E-57,185,35,12
RMDQ24_v1,Oswestry3_v1,0.9999,1.37E-50,185,35,12
RMDQ24_v1,Oswestry4_v1,0.9999,5.43E-61,185,35,12
RMDQ24_v1,Oswestry5_v1,0.9999,1.16E-49,185,35,12
RMDQ24_v1,Oswestry6_v1,0.9999,8.74E-52,185,35,12
RMDQ24_v1,Oswestry7_v1,0.9999,2.49E-48,185,35,12
RMDQ24_v1,Oswestry8_v1,0.9999,1.03E-43,185,35,12
RMDQ24_v1,Oswestry9_v1,0.9999,5.74E-50,185,35,12
RMDQ24_v1,Oswestry10_v1,0.9999,2.64E-43,185,35,12
RMDQ24_v1,Somatoria_Owestry,0.9999,1.38E-64,185,35,12
RMDQ24_v1,Ord_RMDQ,0.9999,1.81E-83,100,35,0
RMDQ24_v1,SF12_M1_1_v1,0.75154774,3.40E-15,185,35,12
RMDQ24_v1,SF12_M1_2_v1,-0.941993934,3.58E-25,185,35,12
RMDQ24_v1,SF12_M1_3_v1,-0.999158014,3.88E-29,185,35,12
RMDQ24_v1,SF12_M1_4_v1,-0.839271002,2.88E-19,185,35,12
RMDQ24_v1,SF12_M1_5_v1,-0.902538233,9.75E-23,185,35,12
RMDQ24_v1,SF12_M1_6_v1,-0.9999,1.65E-30,185,35,12
RMDQ24_v1,SF12_M1_7_v1,-0.9999,4.94E-36,185,35,12
RMDQ24_v1,SF12_M1_8_v1,0.911500284,2.85E-23,185,35,12
RMDQ24_v1,SF12_M1_9_v1,-0.911251515,2.95E-23,185,35,12
RMDQ24_v1,SF12_M1_10_v1,-0.829096607,9.40E-19,185,35,12
RMDQ24_v1,SF12_M1_11_v1,-0.9999,3.87E-34,185,35,12
RMDQ24_v1,SF12_M1_12_v1,-0.995065904,7.79E-29,185,35,12
DN4 - Queimação,Tempo com a dor nas costas,0.329436516,0.003083424,71,55,16
DN4 - Queimação,Tempo com dor que irradia p/ as pernas,0.293228713,0.00892569,70,55,16
DN4 - Queimação,Andar_velocidade,-0.315404546,0.00581512,68,52,15
DN4 - Queimação,Dor_costas_VAS,0.315782052,0.001067507,93,74,14
DN4 - Queimação,Intensidade da dor nas pernas,0.361043541,6.21E-05,105,84,13
DN4 - Queimação,BPI_3_v1,0.365570882,1.14E-05,119,101,16
DN4 - Queimação,BPI_4_v1,0.338949547,4.98E-05,119,101,16
DN4 - Queimação,BPI_5_v1,0.327427969,9.10E-05,119,101,16
DN4 - Queimação,Intensidade da dor no momento,0.363651133,0.001486625,65,53,13
DN4 - Queimação,BPI - Habilidade de caminhar,0.206387006,0.046660035,64,84,7
DN4 - Queimação,BPI - Trabalho,0.277156452,0.007221838,64,84,7
DN4 - Queimação,BPI - Relacionamento com outras pessoas,0.256013637,0.013251857,64,84,7
DN4 - Queimação,Oswestry2_v1,0.176737012,0.038189763,116,101,15
DN4 - Queimação,SF12_M1_1_v1,0.197225183,0.02055984,116,101,15
DN4 - Queimação,SF12_M1_2_v1,-0.265249158,0.001743153,116,101,15
DN4 - Queimação,SF12_M1_3_v1,-0.207310509,0.014850131,116,101,15
DN4 - Queimação,SF12_M1_4_v1,-0.238506737,0.004970321,116,101,15
DN4 - Queimação,SF12_M1_5_v1,-0.261839746,0.002003801,116,101,15
DN4 - Queimação,SF12_M1_6_v1,-0.291186075,0.000570652,116,101,15
DN4 - Queimação,SF12_M1_7_v1,-0.210836222,0.013210769,116,101,15
DN4 - Queimação,SF12_M1_8_v1,0.268639013,0.001515051,116,101,15
DN4 - Queimação,SF12_M1_9_v1,-0.176131956,0.038862037,116,101,15
DN4 - Queimação,SF12_M1_10_v1,-0.197171007,0.020595042,116,101,15
DN4 - Queimação,SF12_M1_11_v1,-0.200124231,0.018750568,116,101,15
DN4 - Queimação,SF12_M1_12_v1,-0.20949874,0.013812948,116,101,15
DN4 - Sensação de frio dolorosa,Trabalho_Cansativo,0.348851906,0.005843165,97,26,16
DN4 - Sensação de frio dolorosa,Tempo com a dor nas costas,0.328833895,0.009659076,101,25,16
DN4 - Sensação de frio dolorosa,IDADE,-0.223239527,0.031462456,142,40,20
DN4 - Sensação de frio dolorosa,Oswestry6_v1,-0.19208547,0.043373536,168,48,16
DN4 - Sensação de frio dolorosa,SF12_M1_11_v1,0.194278876,0.041014036,168,48,16
DN4 - Choque elétrico,Tempo com dor que irradia p/ as pernas,0.302923782,0.008966324,86,40,15
DN4 - Choque elétrico,Andar_velocidade,-0.370541384,0.001724599,84,37,14
DN4 - Choque elétrico,Dor_costas_VAS,0.216698401,0.034057661,119,49,13
DN4 - Choque elétrico,Intensidade da dor nas pernas,0.417248541,1.13E-05,137,53,12
DN4 - Choque elétrico,BPI_3_v1,0.393341036,8.23E-06,162,61,13
DN4 - Choque elétrico,BPI_4_v1,0.343556267,0.000107241,162,61,13
DN4 - Choque elétrico,BPI_5_v1,0.368615243,3.08E-05,162,61,13
DN4 - Choque elétrico,Intensidade da dor no momento,0.26896646,0.025793289,83,36,12
DN4 - Choque elétrico,BPI - Atividde geral,0.345636733,0.000843149,91,57,7
DN4 - Choque elétrico,BPI - Humor,0.354313272,0.000613774,91,57,7
DN4 - Choque elétrico,BPI - Trabalho,0.336946404,0.001149496,91,57,7
DN4 - Choque elétrico,BPI - Relacionamento com outras pessoas,0.38678477,0.000173778,91,57,7
DN4 - Choque elétrico,BPI - Sono,0.286985258,0.005868147,91,57,7
DN4 - Choque elétrico,BPI - Habilidade para apreciar a vida,0.248666673,0.017342856,91,57,7
DN4 - Choque elétrico,SF12_M1_2_v1,-0.201371313,0.025392252,159,61,12
DN4 - Choque elétrico,SF12_M1_3_v1,-0.184117172,0.041160398,159,61,12
DN4 - Choque elétrico,SF12_M1_5_v1,-0.2316541,0.009984081,159,61,12
DN4 - Choque elétrico,SF12_M1_8_v1,0.275327934,0.002126896,159,61,12
DN4 - Choque elétrico,SF12_M1_9_v1,-0.241717145,0.007142188,159,61,12
DN4 - Choque elétrico,SF12_M1_10_v1,-0.200606139,0.025961272,159,61,12
DN4 - Choque elétrico,SF12_M1_11_v1,-0.197799717,0.028142939,159,61,12
DN4 - Choque elétrico,SF12_M1_12_v1,-0.228588715,0.011029183,159,61,12
DN4 - Formigamento,Quantidade de cirurgias na coluna,0.228277214,0.044901367,101,38,7
DN4 - Formigamento,Tempo com a dor nas costas,0.321435877,0.007132402,94,33,15
DN4 - Formigamento,Tempo com dor que irradia p/ as pernas,0.287406078,0.016108194,92,34,15
DN4 - Formigamento,Dor_costas_VAS,0.277940649,0.008649891,128,40,13
DN4 - Formigamento,Intensidade da dor nas pernas,0.350198953,0.000376812,144,46,12
DN4 - Formigamento,BPI_3_v1,0.349401223,0.000100259,166,57,13
DN4 - Formigamento,BPI_4_v1,0.305493927,0.000706123,166,57,13
DN4 - Formigamento,BPI_5_v1,0.341839706,0.000142999,166,57,13
DN4 - Formigamento,Intensidade da dor no momento,0.312128498,0.011521023,88,31,12
DN4 - Formigamento,BPI_8_v1,-0.242007773,0.022274644,102,49,9
DN4 - Formigamento,BPI - Atividde geral,0.336112816,0.001387673,97,51,7
DN4 - Formigamento,BPI - Humor,0.479821309,3.27E-06,97,51,7
DN4 - Formigamento,BPI - Habilidade de caminhar,0.219341948,0.038888583,97,51,7
DN4 - Formigamento,BPI - Trabalho,0.378285427,0.00029941,97,51,7
DN4 - Formigamento,BPI - Relacionamento com outras pessoas,0.406240314,9.74E-05,97,51,7
DN4 - Formigamento,BPI - Habilidade para apreciar a vida,0.335472832,0.00141832,97,51,7
DN4 - Formigamento,SF12_M1_5_v1,-0.19273413,0.034745969,163,57,12
DN4 - Formigamento,SF12_M1_8_v1,0.277664043,0.002222546,163,57,12
DN4 - Formigamento,SF12_M1_9_v1,-0.190473883,0.036951849,163,57,12
DN4 - Formigamento,SF12_M1_10_v1,-0.229779294,0.0116485,163,57,12
DN4 - Alfinetada e agulhada,Andar_velocidade,-0.244775585,0.040754402,84,37,14
DN4 - Alfinetada e agulhada,Intensidade da dor nas pernas,0.363806627,0.000121575,134,56,12
DN4 - Alfinetada e agulhada,BPI_3_v1,0.36352639,3.24E-05,158,65,13
DN4 - Alfinetada e agulhada,BPI_4_v1,0.191609941,0.030800436,158,65,13
DN4 - Alfinetada e agulhada,BPI_5_v1,0.249483013,0.004766105,158,65,13
DN4 - Alfinetada e agulhada,BPI_8_v1,-0.306251334,0.002988848,94,57,9
DN4 - Alfinetada e agulhada,BPI - Atividde geral,0.713100441,7.74E-14,86,62,7
DN4 - Alfinetada e agulhada,BPI - Humor,0.61369164,3.83E-10,86,62,7
DN4 - Alfinetada e agulhada,BPI - Habilidade de caminhar,0.493996579,8.85E-07,86,62,7
DN4 - Alfinetada e agulhada,BPI - Trabalho,0.608446628,5.67E-10,86,62,7
DN4 - Alfinetada e agulhada,BPI - Relacionamento com outras pessoas,0.644183012,3.54E-11,86,62,7
DN4 - Alfinetada e agulhada,BPI - Sono,0.530449208,1.07E-07,86,62,7
DN4 - Alfinetada e agulhada,BPI - Habilidade para apreciar a vida,0.525841005,1.41E-07,86,62,7
DN4 - Alfinetada e agulhada,Oswestry1_v1,0.287517083,0.001198867,156,64,12
DN4 - Alfinetada e agulhada,Oswestry2_v1,0.35916914,4.61E-05,156,64,12
DN4 - Alfinetada e agulhada,Oswestry4_v1,0.222450856,0.012634301,156,64,12
DN4 - Alfinetada e agulhada,Oswestry7_v1,0.332780159,0.000166659,156,64,12
DN4 - Alfinetada e agulhada,Oswestry9_v1,0.200074922,0.02509281,156,64,12
DN4 - Alfinetada e agulhada,Ord_RMDQ,0.278136212,0.016805672,88,39,8
DN4 - Alfinetada e agulhada,SF12_M1_1_v1,0.194552396,0.029446738,156,64,12
DN4 - Alfinetada e agulhada,SF12_M1_2_v1,-0.473146551,5.11E-08,156,64,12
DN4 - Alfinetada e agulhada,SF12_M1_3_v1,-0.405209443,3.80E-06,156,64,12
DN4 - Alfinetada e agulhada,SF12_M1_4_v1,-0.285555753,0.001297567,156,64,12
DN4 - Alfinetada e agulhada,SF12_M1_5_v1,-0.444114232,3.55E-07,156,64,12
DN4 - Alfinetada e agulhada,SF12_M1_6_v1,-0.372222887,2.35E-05,156,64,12
DN4 - Alfinetada e agulhada,SF12_M1_7_v1,-0.370541045,2.57E-05,156,64,12
DN4 - Alfinetada e agulhada,SF12_M1_8_v1,0.44567677,3.21E-07,156,64,12
DN4 - Alfinetada e agulhada,SF12_M1_9_v1,-0.370149714,2.62E-05,156,64,12
DN4 - Alfinetada e agulhada,SF12_M1_10_v1,-0.318110284,0.000325992,156,64,12
DN4 - Alfinetada e agulhada,SF12_M1_11_v1,-0.37104907,2.50E-05,156,64,12
DN4 - Alfinetada e agulhada,SF12_M1_12_v1,-0.338360691,0.000128076,156,64,12
DN4 - Adormecimento,Andar_velocidade,-0.557735916,2.19E-06,87,33,15
DN4 - Adormecimento,Intensidade da dor nas pernas,0.282606434,0.003206992,134,55,13
DN4 - Adormecimento,BPI_3_v1,0.300045817,0.000766232,158,62,16
DN4 - Adormecimento,BPI_4_v1,0.225487749,0.011929559,158,62,16
DN4 - Adormecimento,BPI_5_v1,0.290879625,0.001116763,158,62,16
DN4 - Adormecimento,Intensidade da dor no momento,0.267384779,0.029549772,85,33,13
DN4 - Adormecimento,BPI_8_v1,-0.235852504,0.023649895,96,55,9
DN4 - Adormecimento,BPI - Atividde geral,0.371213852,0.00032297,91,57,7
DN4 - Adormecimento,BPI - Humor,0.369641645,0.000343306,91,57,7
DN4 - Adormecimento,BPI - Habilidade de caminhar,0.207246468,0.04803066,91,57,7
DN4 - Adormecimento,BPI - Trabalho,0.265193789,0.011055396,91,57,7
DN4 - Adormecimento,BPI - Relacionamento com outras pessoas,0.328727827,0.001529724,91,57,7
DN4 - Adormecimento,BPI - Sono,0.245987364,0.018611456,91,57,7
DN4 - Adormecimento,BPI - Habilidade para apreciar a vida,0.325378851,0.001715161,91,57,7
DN4 - Adormecimento,Oswestry1_v1,0.389072875,1.24E-05,156,61,15
DN4 - Adormecimento,Oswestry2_v1,0.406025245,4.87E-06,156,61,15
DN4 - Adormecimento,Oswestry4_v1,0.331484901,0.000215027,156,61,15
DN4 - Adormecimento,Oswestry7_v1,0.263693317,0.003428574,156,61,15
DN4 - Adormecimento,Oswestry8_v1,0.249027143,0.00576836,156,61,15
DN4 - Adormecimento,Oswestry9_v1,0.212853014,0.018574605,156,61,15
DN4 - Adormecimento,Oswestry10_v1,0.186487557,0.039468463,156,61,15
DN4 - Adormecimento,Somatoria_Owestry,0.245271713,0.006561776,156,61,15
DN4 - Adormecimento,SF12_M1_1_v1,0.461788654,1.63E-07,156,61,15
DN4 - Adormecimento,SF12_M1_2_v1,-0.534963948,8.34E-10,156,61,15
DN4 - Adormecimento,SF12_M1_3_v1,-0.504657032,8.36E-09,156,61,15
DN4 - Adormecimento,SF12_M1_4_v1,-0.521112979,2.44E-09,156,61,15
DN4 - Adormecimento,SF12_M1_5_v1,-0.587595414,9.87E-12,156,61,15
DN4 - Adormecimento,SF12_M1_6_v1,-0.408766813,4.17E-06,156,61,15
DN4 - Adormecimento,SF12_M1_7_v1,-0.446563418,4.33E-07,156,61,15
DN4 - Adormecimento,SF12_M1_8_v1,0.525768341,1.71E-09,156,61,15
DN4 - Adormecimento,SF12_M1_9_v1,-0.537983387,6.57E-10,156,61,15
DN4 - Adormecimento,SF12_M1_10_v1,-0.448198174,3.91E-07,156,61,15
DN4 - Adormecimento,SF12_M1_11_v1,-0.475580644,6.49E-08,156,61,15
DN4 - Adormecimento,SF12_M1_12_v1,-0.481694857,4.27E-08,156,61,15
DN4 - Coceira,BPI_3_v1,0.364802582,0.010129209,212,11,13
DN4 - Coceira,BPI_5_v1,0.284784302,0.045342812,212,11,13
DN4 - Coceira,BPI - Atividde geral,0.503038722,0.000920703,137,11,7
DN4 - Coceira,BPI - Humor,0.60130892,6.48E-05,137,11,7
DN4 - Coceira,BPI - Habilidade de caminhar,0.502731166,0.000927656,137,11,7
DN4 - Coceira,BPI - Trabalho,0.517772768,0.000638539,137,11,7
DN4 - Coceira,BPI - Relacionamento com outras pessoas,0.65420148,1.25E-05,137,11,7
DN4 - Coceira,BPI - Habilidade para apreciar a vida,0.543365928,0.000329426,137,11,7
DN4 - Coceira,SF12_M1_2_v1,-0.318604463,0.025329883,209,11,12
DH4 - Hipoestesia ao toque,Intensidade da dor nas pernas,0.415737721,0.019924241,184,6,12
DH4 - Hipoestesia ao toque,BPI_3_v1,0.321567775,0.041951113,215,8,13
DH4 - Hipoestesia ao toque,BPI_4_v1,0.408776089,0.009509041,215,8,13
DH4 - Hipoestesia ao toque,BPI_5_v1,0.323908218,0.040466996,215,8,13
DH4 - Hipoestesia ao toque,BPI - Atividde geral,0.339106204,0.045661672,140,8,7
DH4 - Hipoestesia ao toque,BPI - Trabalho,0.461240999,0.006247051,140,8,7
DH4 - Hipoestesia ao toque,BPI - Relacionamento com outras pessoas,0.340434465,0.044808829,140,8,7
DH4 - Hipoestesia ao toque,BPI - Sono,0.380902193,0.024517754,140,8,7
DH4 - Hipoestesia ao toque,Oswestry2_v1,0.424329468,0.007197888,212,8,12
DH4 - Hipoestesia ao toque,Ord_RMDQ,0.61976232,0.002049859,122,5,8
DH4 - Hipoestesia ao toque,SF12_M1_1_v1,0.425433156,0.007046141,212,8,12
DH4 - Hipoestesia ao toque,SF12_M1_2_v1,-0.529735113,0.000748829,212,8,12
DH4 - Hipoestesia ao toque,SF12_M1_3_v1,-0.560604372,0.000352647,212,8,12
DH4 - Hipoestesia ao toque,SF12_M1_4_v1,-0.348867882,0.02755083,212,8,12
DH4 - Hipoestesia ao toque,SF12_M1_5_v1,-0.5929317,0.000153099,212,8,12
DH4 - Hipoestesia ao toque,SF12_M1_6_v1,-0.460131908,0.003515788,212,8,12
DH4 - Hipoestesia ao toque,SF12_M1_7_v1,-0.462194589,0.003368191,212,8,12
DH4 - Hipoestesia ao toque,SF12_M1_8_v1,0.726435047,2.89E-06,212,8,12
DH4 - Hipoestesia ao toque,SF12_M1_9_v1,-0.593109818,0.000152377,212,8,12
DH4 - Hipoestesia ao toque,SF12_M1_10_v1,-0.42585947,0.006988294,212,8,12
DH4 - Hipoestesia ao toque,SF12_M1_11_v1,-0.624763512,6.42E-05,212,8,12
DH4 - Hipoestesia ao toque,SF12_M1_12_v1,-0.588665402,0.000171387,212,8,12
DN4 - Hipoestesia a picada de agulha,Quantidade de cirurgias na coluna,0.398206021,0.034386865,133,6,7
DN4 - Hipoestesia a picada de agulha,BPI - Atividde geral,0.493932425,0.00229398,139,9,7
DN4 - Hipoestesia a picada de agulha,BPI - Relacionamento com outras pessoas,0.489462765,0.002521174,139,9,7
DN4 - Hipoestesia a picada de agulha,BPI - Sono,0.520782846,0.001277811,139,9,7
DN4 - Hipoestesia a picada de agulha,Ord_RMDQ,0.78623632,0.000258055,123,4,8
DN4 - Hipoestesia a picada de agulha,SF12_M1_1_v1,0.468446228,0.001970317,211,9,12
DN4 - Hipoestesia a picada de agulha,SF12_M1_2_v1,-0.495072806,0.001057153,211,9,12
DN4 - Hipoestesia a picada de agulha,SF12_M1_3_v1,-0.525772742,0.000494849,211,9,12
DN4 - Hipoestesia a picada de agulha,SF12_M1_4_v1,-0.396498349,0.00902461,211,9,12
DN4 - Hipoestesia a picada de agulha,SF12_M1_5_v1,-0.553165499,0.000241972,211,9,12
DN4 - Hipoestesia a picada de agulha,SF12_M1_6_v1,-0.479918641,0.00151279,211,9,12
DN4 - Hipoestesia a picada de agulha,SF12_M1_7_v1,-0.481941714,0.001443007,211,9,12
DN4 - Hipoestesia a picada de agulha,SF12_M1_8_v1,0.603425691,5.91E-05,211,9,12
DN4 - Hipoestesia a picada de agulha,SF12_M1_9_v1,-0.48270195,0.001417555,211,9,12
DN4 - Hipoestesia a picada de agulha,SF12_M1_10_v1,-0.328853113,0.030747913,211,9,12
DN4 - Hipoestesia a picada de agulha,SF12_M1_11_v1,-0.511841777,0.000702216,211,9,12
DN4 - Hipoestesia a picada de agulha,SF12_M1_12_v1,-0.480571687,0.001489934,211,9,12
DN4 - Escovação,Intensidade da dor nas pernas,0.386188681,0.042709543,185,5,12
DN4 - Escovação,BPI_3_v1,0.347411163,0.035688931,216,7,13
DN4 - Escovação,BPI_4_v1,0.408774565,0.013276503,216,7,13
DN4 - Escovação,BPI_5_v1,0.325881133,0.048942477,216,7,13
DN4 - Escovação,BPI - Atividde geral,0.429130644,0.015092068,141,7,7
DN4 - Escovação,BPI - Trabalho,0.555463486,0.001536039,141,7,7
DN4 - Escovação,BPI - Relacionamento com outras pessoas,0.405449719,0.021817661,141,7,7
DN4 - Escovação,BPI - Sono,0.458954376,0.009243535,141,7,7
DN4 - Escovação,Oswestry2_v1,0.456016009,0.005756674,213,7,12
DN4 - Escovação,Oswestry4_v1,0.327609274,0.048228861,213,7,12
DN4 - Escovação,Oswestry7_v1,0.325967583,0.049372711,213,7,12
DN4 - Escovação,Ord_RMDQ,0.78623632,0.000258055,123,4,8
DN4 - Escovação,SF12_M1_1_v1,0.484326401,0.003323713,213,7,12
DN4 - Escovação,SF12_M1_2_v1,-0.574242971,0.000473162,213,7,12
DN4 - Escovação,SF12_M1_3_v1,-0.605432447,0.000223137,213,7,12
DN4 - Escovação,SF12_M1_4_v1,-0.378851373,0.022148946,213,7,12
DN4 - Escovação,SF12_M1_5_v1,-0.643939356,8.34E-05,213,7,12
DN4 - Escovação,SF12_M1_6_v1,-0.532276777,0.001222625,213,7,12
DN4 - Escovação,SF12_M1_7_v1,-0.533559499,0.00118889,213,7,12
DN4 - Escovação,SF12_M1_8_v1,0.75598225,3.30E-06,213,7,12
DN4 - Escovação,SF12_M1_9_v1,-0.60954366,0.000201486,213,7,12
DN4 - Escovação,SF12_M1_10_v1,-0.423563661,0.010416008,213,7,12
DN4 - Escovação,SF12_M1_11_v1,-0.641244322,8.96E-05,213,7,12
DN4 - Escovação,SF12_M1_12_v1,-0.598348341,0.000265607,213,7,12
