Index,Hora,Dia,PI0102,FC0104,FC0105,FC0108,TI0201,TC0202,TI0203,TI0204,TI0205,TI0210,TI0211,TI0212,TC0213,PI0214,PI0215,PI0216,FI0219,LC0301,PI0302,FI0446,FC0501,TC0508,PI0509,TC0510,PI0511,TC0512,TI0513,FC0619,FC0629,PI0640
1,6,1,93.52,1049.82,60,3.15,1230.4,1216.69,784.57,601.98,441.78,119.36,463.63,560.93,718.08,-25.24,-182.87,-491.07,52.21,55.98,0.12,170.4,733.74,50.44,-540.69,36.89,-620.73,5.31,-588.65,1616.37,580,-626.17
2,7,1,98.14,1049.83,59.99,3.15,1218.01,1208.4,792.12,620.63,456.9,119.38,478.17,569.03,728.36,-20.55,-178.92,-486.92,57.96,55.76,0.12,169.23,733.06,50.8,-535.52,36.1,-614.63,4.85,-582.42,1626.28,580,-621.67
3,8,1,110.69,1049.83,60.01,3.15,1216.81,1207.52,793.09,624.98,459.37,120.03,477.31,569.69,729.24,-11.54,-172.12,-483.44,60.48,55.37,0.12,170.22,736.77,51.3,-532.51,36.28,-611.92,5.1,-579.86,1627.73,580.02,-618.84
4,9,1,104.55,1066.48,60.97,3.2,1215.49,1206.01,792.47,624.58,459.99,119.85,477.36,569.08,729.54,-16.38,-175.52,-484.8,59.53,55.41,0.13,171.19,737.07,51.2,-533.42,35.86,-613.88,4.67,-580.8,1625.94,580.01,-620.21
5,10,1,110.55,1067.33,60.99,3.2,1215.46,1205.76,791.83,623.8,460.19,120.28,475.85,569.41,726.87,-11.17,-171.93,-483.57,57.3,55.38,0.13,173.64,738.09,51.42,-533.11,37.27,-655.52,5.51,-581.97,1630.64,580.02,-621.09
6,11,1,128.5,1064.42,60.86,3.19,1216.14,1207.5,793.32,625.51,460.78,120.35,472.24,570.73,722.55,3.78,-161.18,-481.06,56.12,55.5,0.14,178.54,738.97,51.82,-533.01,36.95,-557.66,5.68,-583.44,1637.95,580.01,-621.62
7,12,1,123.65,1073.18,61.35,3.22,1218.51,1209.28,794.87,681.56,462.32,120.34,475.71,570.45,725.95,0.19,-163.24,-479.87,58.3,55.69,0.14,178.24,740.15,51.96,-530.84,36.95,-555.17,5.97,-582.38,1638.03,582.69,-620.08
8,13,1,126.8,1079.89,61.73,3.24,1221.02,1211.44,795.66,688.37,463.36,120.35,475.33,570.75,727.17,2.61,-161.29,-479.16,59.44,55.67,0.16,179.35,743.35,52.29,-530.51,35.58,-554.01,5.09,-581.47,1652.01,598.1,-619.25
9,14,1,120.59,1079.92,61.7,3.24,1218.82,1209.51,795.63,687.43,462.48,119.64,476.4,570.24,728.49,-3.36,-165.74,-480.79,59.59,55.7,0.14,176.61,748.04,52.41,-531.46,35.18,-554.6,4.71,-582.02,1648.82,599.99,-619.34
10,15,1,119.46,1080.44,61.71,3.24,1219.51,1210.64,795.55,681.74,459.38,119.36,475.67,569.26,728.16,-3.88,-166.53,-481.97,59.16,55.85,0.12,173.6,753.69,52.2,-532.61,35.08,-555.24,4.73,-582.85,1648.31,599.96,-620.25
11,16,1,113.37,1079.85,61.71,3.24,1221,1209.47,794.24,626.5,457.78,118.79,476.57,568.49,727.79,-8.91,-170.58,-484.39,65.37,55.91,0.11,171.39,753.21,51.71,-534.87,34.63,-556.9,4.38,-583.07,1649.51,600.01,-621.74
12,17,1,122.44,1079.77,61.71,3.24,1225.89,1212.88,795.15,629.88,457.72,119.49,475.14,569.58,727.76,-1.33,-165.06,-482.82,70.74,55.94,0.11,171.88,752.64,51.66,-534,35.01,-556.41,4.61,-582.44,1657.33,600,-622.26
13,18,1,128.06,1079.84,61.71,3.24,1228.23,1215.25,795.83,651.44,457.58,120.32,474.04,570.25,727.94,3.41,-161.48,-481.42,70.57,55.95,0.11,172.47,753.75,51.64,-532.98,35.4,-555.65,4.82,-581.49,1649.93,588.35,-622.18
14,19,1,121.19,1080.23,61.71,3.24,1226.97,1213.26,795.34,657.76,458.09,119.82,475.65,570.23,728.24,-2.18,-165.54,-482.38,69.89,55.93,0.11,170.92,754.09,51.45,-533.22,35.48,-555.75,5.07,-581.24,1640.21,581.1,-622.01
15,20,1,115.49,1080.46,61.71,3.24,1226.97,1210.76,794.32,630.87,458.39,119.3,477.21,570.18,727.99,-7.02,-169.22,-483.96,68.75,55.89,0.11,171.34,754.01,51.26,-534.26,35.29,-556.64,4.41,-581.63,1637.93,579.99,-622.9
16,21,1,112.58,1079.87,61.72,3.24,1226.97,1210.15,793.7,626.59,458.7,119.3,477.7,569.91,728.09,-9.33,-170.89,-484.24,68.29,55.84,0.11,170.62,754.07,51.17,-534.54,34.91,-556.69,4.18,-581.7,1633.02,580.01,-622.61
17,22,1,116.58,1079.8,61.71,3.24,1226.97,1211.5,793.98,627.99,459.12,119.29,477.09,570.33,727.93,-5.92,-168.2,-482.79,67.26,55.78,0.11,172.71,754.03,51.27,-533.45,35.58,-556.3,4.71,-581.59,1634.6,580,-622.56
18,23,1,114,1080.64,61.7,3.24,1226.97,1210.36,793.51,626.58,459.98,119.29,477.59,570.31,727.99,-8.14,-169.77,-482.97,66.06,55.71,0.11,171.72,754,51.27,-533.31,35.88,-556.46,5.06,-582.03,1633.01,580,-622.66
19,0,2,115.16,1079.97,61.72,3.24,1226.97,1210.55,793.99,659.52,460.82,119.28,477.76,570.44,727.94,-7.17,-168.99,-482.23,66.12,55.67,0.11,172.15,754.45,51.43,-532.54,36.3,-555.95,5.44,-582.33,1634.05,579.99,-622.55
20,1,2,117.71,1079.84,61.73,3.24,1226.97,1211.36,794.02,683.44,461.81,119.27,477.41,570.57,728.02,-5.13,-167.52,-481.78,66.5,55.65,0.11,171.65,755.94,51.47,-532.3,36.2,-555.61,5.27,-581.89,1633.04,580.01,-622.54
21,2,2,121.73,1080.06,61.71,3.24,1226.97,1212.8,794.63,688.15,462.27,119.28,476.6,570.87,727.83,-1.8,-165.1,-480.91,67.08,55.62,0.11,171.92,756.06,51.53,-531.66,36.62,-555.33,5.37,-581.64,1636.24,579.99,-622.68
22,3,2,123.43,1080.54,61.71,3.24,1226.97,1213.21,794.5,665.75,461.15,119.31,474.72,570.85,727.83,-0.87,-164.23,-480.29,67.31,55.58,0.11,172.45,757.28,51.58,-531,36.78,-554.8,5.45,-580.49,1636.8,579.02,-622.26
23,4,2,115.64,1079.86,61.7,3.24,1226.97,1211.73,794.17,657.33,460.85,119.23,476.14,570.61,728.04,-7.14,-168.83,-482.38,67.06,55.56,0.11,171.57,758.87,51.24,-532.32,36.07,-555.72,4.8,-581.62,1636.5,580,-623.27
24,5,2,110.49,1079.93,61.73,3.24,1226.97,1209.96,793.37,642.01,460.48,119.14,477.81,570.37,728.02,-11.14,-171.81,-482.84,66.91,55.53,0.11,171.78,758.8,51.25,-532.4,36.37,-555.88,5.13,-582.07,1632.12,579.99,-623.11
25,6,2,110.04,1079.74,61.72,3.24,1226.97,1209.64,793.24,656.22,461.31,118.9,478.53,570.2,728.08,-11.47,-172.1,-483.08,66.68,55.49,0.11,171.87,757.47,51.29,-532.7,36.22,-556.1,4.99,-582.14,1633.48,583.35,-623.16
26,7,2,121.2,1079.75,61.72,3.24,1226.97,1211.97,794.94,688.22,462.47,119.3,477.13,571.44,727.94,-2.22,-165.22,-480.59,66.54,55.34,0.11,173.13,754.08,51.53,-531.2,36.3,-554.71,5.28,-581.14,1647.73,590,-622.49
27,8,2,130.37,1079.78,61.72,3.24,1226.97,1214.44,796.63,688.89,463.48,119.8,475.9,572.33,727.89,5.57,-159.21,-477.81,66.69,55.02,0.11,175.98,754.05,51.87,-529.15,36.34,-552.81,5.67,-579.59,1653.72,592.55,-620.69
28,9,2,134.58,1080.65,61.73,3.24,1226.97,1213.8,799.27,689.98,464.98,119.9,476.28,573.44,728.26,9.06,-156.35,-475.82,66.64,54.78,0.11,178.13,750.47,52.25,-527.09,36.33,-550.81,5.39,-578.17,1664.83,600.05,-619.27
29,10,2,132.98,1080.12,61.7,3.24,1226.97,1211.83,801.32,689.03,464.68,119.46,477.82,572.65,728.08,7.85,-157.08,-474.7,66.97,54.89,0.12,179.33,756.22,52.61,-525.83,36.81,-549.41,5.72,-577.01,1660.33,608.94,-617.9
30,11,2,122.04,1097.55,62.74,3.29,1226.97,1208.76,799.3,689.39,461.94,118.71,479.02,570.57,727.98,-0.93,-164.02,-478.57,65.98,55.18,0.11,176.76,761.35,52.37,-529.43,35.9,-552.1,5.09,-578.3,1655.13,609.98,-620.39
31,12,2,122.63,1099.69,62.87,3.3,1226.97,1208.59,798.08,690.1,461.65,118.6,478.95,570.55,727.71,-0.63,-164.09,-479.36,65.74,55.27,0.11,175.44,762.64,52.25,-530.29,36.08,-553.13,5.22,-578.92,1661.69,613.22,-621.76
32,13,2,137.98,1100.44,62.87,3.3,1184.64,1214.39,799.06,689.55,461.62,119.37,475.32,571.98,727.72,11.85,-154.62,-475.59,66.1,55.18,0.11,176.54,761.75,52.67,-527.92,36.68,-551.32,5.74,-577.74,1681.08,620.01,-621.46
33,14,2,137.82,1099.81,62.87,3.3,1182.7,1217.04,795.65,670.71,461.07,119.37,473.41,571.79,727.1,11.48,-154.56,-473.82,65.74,55.05,0.13,177.08,762.43,52.85,-526.26,35.53,-549.99,4.69,-576.13,1680.16,620.01,-620.19
34,15,2,142.29,1099.56,62.85,3.3,1185.99,1220.97,794.04,649.17,459.59,119.45,469.17,570.57,724.09,14.9,-151.8,-472.48,64.78,54.9,0.12,179.57,764.31,52.96,-525.43,36.79,-550.61,5.31,-578.36,1682.18,620,-620.99
35,16,2,141.43,1099.85,62.86,3.3,1188.83,1218.2,798.71,689.19,466.25,119.52,474.08,572.88,728.28,14.59,-151.5,-471.04,66.46,54.82,0.12,178.39,762.09,52.99,-523.09,35.46,-547.03,4.68,-575.28,1678.76,620,-619.18
36,17,2,130.58,1095.06,62.86,3.3,1184.84,1214.61,797.36,689.93,466.67,119.11,476.05,572.47,728.13,5.27,-158.44,-473.33,65.56,54.78,0.12,176.22,764.3,52.97,-524.37,35.24,-548.1,4.63,-575.95,1674.32,619.99,-620.17
37,18,2,100.71,1102.12,62.85,3.3,1174.95,1208.35,793.48,688.48,465.52,117.73,483.38,570.36,732.31,-19.51,-176.75,-478.65,65.48,54.82,0.11,169.54,768.11,52.71,-526.74,34.6,-549.17,3.86,-575.89,1651.85,619.99,-620.18
38,19,2,113.97,1099.63,62.84,3.3,1177.48,1210.76,793.76,688.09,463.75,118.07,480.06,570.29,729.36,-8.32,-168.74,-476.21,64.16,54.87,0.11,172.44,769.78,52.88,-526.28,34.92,-549.09,4.04,-576.26,1663.5,619.99,-621.53
39,20,2,134.6,1100.69,62.86,3.3,1186.17,1217.31,796.39,688.2,464.31,119.16,475.18,571.98,727.87,9,-155.86,-473.2,64.22,54.86,0.11,176.09,768.05,53.01,-525.49,35.67,-548.1,5.38,-575.56,1682.37,620.01,-620.43
40,21,2,135.47,1099.83,62.86,3.3,1186.12,1217.73,796.67,688.26,464.42,119.33,475.03,572.23,727.99,9.54,-155.76,-475.74,64.14,54.85,0.11,175.47,768.37,53,-529.02,34.14,-551.17,4.41,-578.29,1695.69,619.99,-621.67
41,22,2,138.24,1099.85,62.85,3.3,1188.13,1219.31,796.96,688.82,464.46,119.33,474.65,572.44,728.08,11.96,-153.87,-475.07,64.32,54.83,0.12,176.1,770.81,53,-528.59,33.92,-550.61,4.28,-578.11,1700,619.99,-621.57
42,23,2,132.22,1110.6,63.47,3.33,1185.14,1217.51,796.34,688.34,463.92,119.17,475.76,571.82,727.96,7.12,-157.45,-475.85,64.28,54.84,0.11,175.19,773.26,52.98,-528.71,33.95,-550.48,4.53,-577.6,1700.44,624.62,-621.3
43,0,3,132.26,1119.99,63.99,3.36,1186.11,1218.01,796.26,688.31,464.13,119.22,475.74,571.3,728,7.11,-157.56,-476.45,64.23,54.84,0.11,174.86,774.64,52.87,-529.71,34.39,-551.91,4.55,-578.35,1719.34,639.99,-622.54
44,1,3,127.31,1107.65,63.29,3.32,1185.32,1217.14,795.9,688.27,463.47,118.6,476.36,571.32,728.09,3.1,-160.64,-478.02,64.18,54.85,0.11,173.82,777.94,52.65,-530.89,33.67,-552.51,4.1,-578.86,1729.02,652.5,-622.22
45,2,3,123.01,1099.81,62.85,3.3,1183.76,1215.95,795.03,688.28,462.88,118.36,477.11,570.96,728,-0.47,-163.49,-479.98,63.78,54.85,0.11,172.86,774.28,52.45,-532.68,33.08,-553.92,3.77,-579.58,1731.61,663.93,-622.32
46,3,3,124.07,1100.41,62.85,3.3,1183.98,1216.08,795,688.3,462.51,118.38,476.93,571.13,728.06,0.5,-162.81,-479.55,62.76,54.85,0.11,173.02,775.57,52.39,-532.1,33.02,-553.07,3.61,-578.59,1774.15,700.04,-621.07
47,4,3,122.82,1099.89,62.83,3.3,1184.24,1215.98,794.98,688.28,461.31,118.38,476.89,570.7,728.04,-0.43,-163.63,-481.19,62.73,54.89,0.11,172.49,776.94,52.05,-534.47,33.43,-556.13,3.81,-580.79,1774.74,699.96,-623.18
48,5,3,109.06,1099.88,62.88,3.3,1178.52,1212.25,792.56,650.93,460.46,118.37,479.11,569.51,728.01,-11.87,-172.24,-484.5,61.92,54.88,0.11,170.63,699.27,51.51,-536.93,33.5,-558.45,3.84,-583.04,1754.5,684.95,-623.85
49,6,3,118.46,1099.78,62.85,3.3,1183.09,1215.4,793.42,678.28,460.45,118.58,477.78,569.71,727.65,-4.11,-166.56,-482.74,62.21,54.85,0.11,173.05,630.84,51.55,-535.98,33.71,-557.71,4,-582.83,1741.99,668.96,-623.35
50,7,3,124.75,1099.82,62.86,3.3,1183.25,1218.08,793.67,687.98,460.63,119.36,475.82,570.37,727.28,1.2,-162.46,-481.12,62.48,54.7,0.11,174.14,679.39,51.98,-535.05,34.02,-557.19,4.24,-582.29,1775.96,679.96,-622.99
51,8,3,130.78,1099.78,62.87,3.3,1183.06,1218.34,792.68,659.93,459.66,119.35,473.32,570,724.34,5.89,-159.21,-481.05,61.88,54.23,0.11,175.95,681.43,52.06,-536.21,33.32,-558.48,4.02,-583.26,1792.14,694.65,-622.8
52,9,3,138.25,1100.24,62.87,3.3,1183.02,1218.59,791.25,652.01,459.8,119.57,470.04,570.52,721.65,11.35,-155.4,-480.63,61,53.94,0.11,175.8,681.29,52.46,-536.65,32.72,-559.21,3.85,-586.05,1800.55,700.05,-622.61
53,10,3,136.16,1100.38,62.86,3.3,1179.23,1217.99,786.02,609.16,452.97,119.44,459.08,567.57,713.69,9.07,-157.53,-483.7,57.77,53.89,0.13,172.23,686.22,52.56,-541.54,32.28,-564.21,3.5,-592.05,1785.23,700.05,-625.27
54,11,3,114.88,1100.04,62.85,3.3,1187.22,1213.36,770.03,602.03,436.24,118.96,431.64,558.87,698.26,-9.48,-172.97,-494.56,57.61,53.91,0.13,172.61,689.48,52.71,-554.12,31.96,-576.71,3.42,-604.35,1744.29,700.06,-631.49
55,12,3,107.78,1097.69,62.87,3.3,1162.58,1219.5,795.34,620.65,457.49,118.42,466.23,569.03,723.57,-13.21,-172.35,-484.86,64.63,53.95,0.15,166.76,691.29,52.54,-539.01,31.94,-561.04,3.56,-590.56,1776.71,701.42,-622.4
56,13,3,110.88,1099.45,62.88,3.3,1163.54,1217.86,797.74,648.82,461.46,118.41,470.87,571.04,725.68,-10.67,-170.63,-484.16,64.74,53.88,0.17,164.95,689.73,52.67,-538.33,32.08,-560.68,3.49,-591.03,1776.39,701.56,-622.28
57,14,3,119.64,1101.95,62.85,3.17,1165.36,1218.04,796.2,640.42,459.95,118.3,466.33,571.6,721.18,-4.04,-166.41,-484.59,63.29,53.8,0.17,164.58,692.65,52.74,-540.06,32,-562.6,3.27,-593.45,1782.89,700.35,-623.54
58,15,3,99.82,1096.49,62.73,3.2,1166.29,1218.03,791.49,621.91,455.65,116.83,469.98,568.71,725.25,-19.89,-177.3,-485.94,64.73,53.84,0.14,166.01,697.26,52.74,-539.28,31.89,-560.9,3.45,-591.05,1754.04,700.07,-622.06
59,16,3,117.79,1079.55,61.71,3.2,1166.82,1217.62,791.6,621.55,454.86,117.27,465.86,568.42,719.94,-5.22,-167.46,-485,62.32,53.9,0.13,166.98,698.9,52.91,-540.88,32.19,-563.28,3.68,-592.83,1773.59,698.77,-624.87
60,17,3,111.11,1080.05,61.71,3.2,1180.21,1218.69,791.25,615.99,453.14,117.43,462.61,567.84,718.28,-10.71,-171.59,-487.24,60.91,53.94,0.13,164.01,700.19,52.34,-542.49,31.92,-564.55,3.63,-593.29,1759.91,699.93,-626.21
61,18,3,87.33,1079.85,61.7,3.2,1171.93,1217.95,785.41,603.32,450.98,116.68,466.48,565.38,720.38,-30.25,-185.67,-491.21,61.36,53.97,0.13,158.04,699.98,51.62,-544.19,31.71,-565.52,3.15,-593.05,1737.12,664.05,-626.88
62,19,3,98.14,1080.95,61.73,3.2,1171.58,1215.04,788.85,619.9,454.44,117.03,469.33,567.75,721.45,-21.32,-179.32,-489.18,61.79,53.97,0.13,158.86,698.81,51.73,-542.81,31.98,-564.48,3.08,-591.88,1627.32,582.11,-626.85
63,20,3,112.36,1079.92,61.73,3.2,1170.51,1214.79,785.33,604.69,451.63,117.41,459.34,567.19,714.3,-10.36,-172.1,-489.55,59.36,53.9,0.13,159.33,703.74,52.1,-545.67,31.65,-567.52,2.91,-594.63,1595.49,650.02,-629.13
64,21,3,111.41,1080.73,61.71,3.2,1174.29,1216.46,789.95,619.77,455.93,117.41,465.08,569.48,718.69,-10.8,-171.7,-487.45,61.47,53.82,0.13,160.96,702.81,51.99,-542.72,32.01,-564.34,3.16,-591.25,1620.45,650,-627.11
65,22,3,110.82,1079.95,61.72,3.2,1175.32,1218.01,790.69,619.92,456.22,117.41,466.2,569.73,720.35,-11.03,-171.64,-486.7,62.16,53.75,0.13,160.05,702.1,51.9,-541.72,31.99,-563.09,3.36,-589.85,1563.72,650.02,-626.35
66,23,3,107.61,1080.02,61.72,3.11,1178.33,1220.76,792.31,621.69,456.9,117.4,467.86,570.83,723.75,-13.21,-172.73,-485.17,64.18,53.7,0.13,160.42,701.44,51.9,-539.32,31.96,-560.05,5.04,-586.66,1552.65,650,-624.22
67,0,4,35.82,1081.39,61.71,3.1,915.51,1007.27,639.65,556.18,363.92,114.85,326.03,468.63,646.12,-85.71,-242.63,-545.54,38.47,53.63,0.13,34.66,700.9,53.03,-606.24,32.18,-615.78,4.72,-631.28,1101.65,650.01,-644.15
68,1,4,-74.31,1176.02,61.71,3.1,682.78,807.33,485.12,431,255.79,110.03,188.06,282.84,535.84,-191.65,-321.1,-575.69,32.22,53.53,0.13,28.37,699.9,54.56,-626.23,31.17,-627.53,0.55,-644.81,432.59,100.96,-648.58
69,2,4,28.85,1062.56,61.71,2.88,1045.46,1084.68,714.38,600.93,405.38,113.32,397.92,516.25,655.88,-90.51,-246.34,-531.84,38.38,53.46,0.13,184.1,699.41,51.43,-592.78,32.94,-607.78,5.8,-627.67,697.67,69.45,-643.15
70,3,4,75.64,1022.71,61.72,2.89,1160.77,1191.34,775.6,621.29,447.69,115.76,456.79,564.41,706.25,-43.6,-201.36,-497.39,58.48,53.41,0.13,186.62,700.78,51.29,-553.07,31.85,-571.71,4.76,-595.97,832.71,92.68,-627.92
71,4,4,97.45,1068.65,61.72,3.04,1178.4,1220.11,784.53,602.17,457.4,117.22,471.98,569.22,727.91,-23.17,-182.17,-482.45,67.09,53.37,0.13,176.76,744.28,52.58,-535.57,31.91,-554.59,3.66,-579.87,1489.11,651.75,-619.45
72,5,4,88.22,1079.93,61.71,3.02,1173.83,1217.9,782.8,603.88,455.92,116.61,471.01,567.9,725.01,-31.2,-188.62,-486.97,65.48,53.34,0.13,170.23,751.25,52.24,-539.56,31.88,-558.74,3.54,-583.99,1475.89,640.02,-622.2
73,6,4,92.6,1079.94,61.72,3.1,1178.08,1220.57,785.65,598.5,458.05,117.01,472.72,568.65,727.46,-27.33,-185.33,-485.18,66.47,53.25,0.13,169.24,751.09,52.35,-537.88,32.06,-557.29,4.01,-582.53,1475.89,637.28,-621.74
74,7,4,77.69,1079.89,61.71,3.1,1178.74,1218.57,783.64,597.15,456.9,116.52,474.65,567.21,727.96,-39.76,-194.3,-487.63,65.9,52.83,0.13,165.78,749.58,52.08,-539.09,31.18,-557.66,7.25,-583.31,1440.66,619.54,-621.61
75,8,4,35.5,1026.92,58.38,3.1,953.24,1040.9,675.68,562.43,392.22,114.86,373.95,500.29,667.41,-84.3,-241.46,-533.26,42.58,52.51,0.13,61.76,750.79,52.51,-592.25,29.95,-602.64,11.26,-620.9,1045.02,492.25,-637.61
76,9,4,-87.2,873.44,49.84,2.88,866.45,950.66,617.29,535.75,347.66,110.28,319.84,422.93,612.08,-192.97,-323.42,-570.04,28.53,52.33,0.14,114.77,747.3,49.99,-622.84,27.61,-629.33,12.21,-645.9,393.13,66.42,-647.84
77,10,4,-158.95,805.4,46,2.41,1066.57,1105.95,745.11,622.67,460.88,106.23,514.36,550.79,709.75,-240.4,-347.4,-544.95,52.84,52.33,0.15,154.03,712.53,49.25,-577.22,30.23,-590.27,8.57,-614.47,835.85,349.48,-630.96
78,11,4,-74.93,799.91,45.72,2.4,1110.65,1146.75,764.77,603.01,467.3,109.6,509.37,565.11,729.25,-169.14,-292.96,-524.17,60.72,52.34,0.16,150.63,682.48,48.96,-562.1,30.04,-577.12,5.98,-601.69,1101.08,460.09,-625.14
79,12,4,-60.65,799.97,45.72,2.4,1118.22,1154.69,767.04,609.5,466.75,109.97,504.78,567.09,727.62,-157.06,-283.66,-521.5,60.19,52.37,0.17,149.15,593.09,48.99,-560.44,32.52,-577.97,3.63,-604.16,1114.11,437.17,-626.96
80,13,4,-43.21,860.62,49.3,2.58,1125.88,1161.46,768.77,610.15,466.19,110.95,501.66,566.27,727.33,-142.56,-272.64,-517.9,60.14,52.25,0.17,151.08,561.5,49.04,-558.31,33.06,-576.81,3.18,-603.59,1123.18,429.98,-627.41
81,14,4,-12.63,900.18,51.44,2.7,1138,1171.69,774.01,597.28,467.32,112.16,496.54,568.26,727.59,-116.95,-253.36,-511.18,60.62,52.14,0.16,155.55,570.3,49.09,-553.9,33.07,-573.1,3.92,-600.72,1143.16,429.99,-627.05
82,15,4,18.69,916.41,52.45,2.75,1151.71,1182.97,779.19,601.27,468.02,113.24,489.98,570.71,727.44,-90.38,-233.3,-503.57,62.24,52.08,0.15,159.15,587.28,49.08,-548.51,32.98,-568.04,4.58,-596.01,1170.27,440.53,-625.75
83,16,4,58.48,987.86,56.53,2.96,1163,1194.39,785.39,619.76,469.7,114.51,482.94,572.74,727.13,-56.64,-207.85,-494.02,62.87,52.01,0.15,167.17,619.74,49.66,-542.44,33.25,-562.9,5.98,-591.85,1257.24,496.81,-624.29
84,17,4,66.56,999.91,57.15,3,1167.6,1199.96,786.51,621.82,469.09,114.84,479.71,572.95,727.96,-49.86,-202.54,-491.61,63.02,51.97,0.15,166.08,640.4,49.8,-540.31,32.82,-560.52,8.44,-590.31,1412.9,645.15,-623.53
85,18,4,71.11,999.92,57.14,3,1172.02,1203.28,786.16,620.02,467.69,115.13,476.86,572.52,727.82,-46.04,-199.75,-490.97,62.9,51.93,0.14,164.81,682.7,49.87,-540.21,33.24,-560.86,5.83,-589.65,1439.47,670,-623.87
86,19,4,68.53,999.71,57.14,3,1170.47,1203.97,786.09,620.02,466.65,114.66,476.09,572.46,728.16,-48.09,-201.39,-492.15,62.78,51.89,0.14,163.05,697.4,49.72,-541.38,32.92,-561.87,3.64,-589.99,1523,673.3,-624.48
87,20,4,61.25,1000.6,57.15,3,1167.99,1202.14,785.11,620,466.14,114.57,477.17,571.98,728.16,-54.07,-205.91,-493.9,62.3,51.87,0.14,160.78,695.45,49.48,-542.62,32.92,-562.92,3.64,-590.46,1567.94,714.34,-625.2
88,21,4,50.75,999.91,57.14,3,1164.42,1199.78,783.01,619.98,465.95,114.52,479.43,570.89,728.03,-62.81,-212.43,-496.56,61.99,51.85,0.14,158.94,696.84,49.18,-544.68,33.01,-564.99,3.57,-592.06,1606.13,749.99,-626.22
89,22,4,51.16,1000.03,57.14,3,1164.68,1199.95,782.98,619.94,465.5,114.6,479.41,570.83,727.98,-62.43,-212.21,-496.68,61.75,51.84,0.14,159.06,698.55,49.19,-544.97,32.94,-565.21,3.91,-591.94,1600.3,749.97,-626.55
90,23,4,47.91,999.88,57.13,3,1163.77,1199.7,782.58,616.38,465.25,114.58,479.61,570.79,728.05,-65.01,-214.13,-497.32,62.08,51.81,0.13,158.78,700.34,49.22,-545.55,32.93,-565.74,3.73,-592.08,1611.3,764.45,-626.91
91,0,5,45.85,999.85,57.15,3,1163.86,1199.62,782.51,618.02,464.87,114.3,479.68,570.47,727.97,-66.6,-215.32,-497.68,61.89,51.77,0.13,157.32,700.8,49.15,-545.92,33.18,-566.15,3.72,-592.22,1615.42,769.97,-627.17
92,1,5,43.89,999.87,57.14,3,1164.01,1200.26,782.04,605.16,463.82,113.72,479.76,569.84,727.97,-67.93,-216.36,-498.13,61.66,51.75,0.13,156.96,701.72,49.04,-546.37,33.03,-566.29,3.52,-591.86,1618.2,770.33,-627.16
93,2,5,41.59,999.9,57.13,3,1164.03,1200.14,781.76,603.78,463.21,113.65,479.93,569.85,728.1,-69.74,-217.75,-498.87,61,51.72,0.13,155.78,702.32,48.96,-547.22,32.97,-567.03,3.67,-592.21,1685.53,770.01,-627.72
94,3,5,31.94,1000.43,57.15,3,1160.16,1197.21,780.55,603.38,463.77,113.64,482.43,569.57,728.28,-77.86,-223.78,-500.89,60.11,51.67,0.13,154.54,702.08,48.96,-548.58,32.87,-568.17,3.61,-593.09,1661.38,752.76,-628.36
95,4,5,53.43,1000.02,57.12,3,1171.77,1205.24,782.54,608.08,461.72,114.33,477.56,569.83,727.07,-59.52,-210.14,-496.41,59.82,51.64,0.13,158.85,704.86,49.07,-545.92,33.13,-566.11,3.8,-591.61,1664.41,725.58,-628.93
96,5,5,61.08,999.93,57.14,3,1174.05,1208.79,785.32,619.25,459.45,114.6,475.39,570.19,728.14,-52.48,-204.74,-493.59,60,52.8,0.12,158.29,706.19,49.05,-543.28,33.08,-563.24,3.66,-587.52,1703.74,719.98,-626.35
97,6,5,52.82,999.98,57.14,3,1194.08,1216.46,780.64,601.6,453.52,114.48,471.66,567.95,727.44,-59.05,-209.46,-495,59.12,53.03,0.11,156.75,703.7,48.97,-544.26,32.98,-563.69,3.84,-586.74,1693.56,710.77,-626.43
98,7,5,61.78,1000.26,57.13,3,1180.93,1215.31,783.64,600.92,454.89,114.89,472.66,569.29,728.18,-51.65,-203.96,-492.63,59.55,52.88,0.11,157.29,702.54,49.03,-542.59,33.05,-561.97,4,-584.45,1660.74,679.99,-625.72
99,8,5,69.12,999.91,57.15,3,1177.53,1214.81,785.68,606.11,456.99,115.54,473.32,570.44,728.09,-45.55,-199.45,-490.8,60.51,52.63,0.11,157.62,705.65,49.01,-541.39,33.07,-560.68,4.16,-583.05,1675.05,648.61,-625.12
100,9,5,69.32,999.73,57.14,3,1177.14,1214.22,785.79,611.84,456.68,115.54,473.85,570.37,727.9,-45.59,-199.61,-491.26,57.93,51.55,0.12,157.89,704.29,48.95,-542.56,32.86,-561.82,5.07,-584.43,1645.83,600.92,-628.96
101,10,5,74.48,999.92,57.15,3,1179.47,1216.74,786.44,619.97,456.61,115.57,472.46,570.46,728.02,-41.37,-196.41,-490.39,55.54,51.37,0.12,159.17,704.29,49.02,-542.71,31.48,-561.2,5.23,-583.75,1641.63,598.66,-627.64
102,11,5,45.33,1000.06,57.13,3,1166.78,1208.16,782.4,605.67,456.05,114.7,478,568.06,728.67,-65.88,-214.61,-495.93,54.23,51.58,0.11,153.14,703.21,48.95,-545.24,32.59,-563.46,5.29,-585.29,1586.67,560.05,-627.85
103,12,5,31.84,999.9,57.15,3,1161.61,1202.85,779.88,597.13,455.93,114.05,481.12,566.83,728.09,-77.49,-223.57,-499.73,52.89,51.39,0.11,152.61,700.73,48.97,-548.48,31.93,-566.18,4.68,-587.8,1576.6,559.96,-628.96
104,13,5,36.33,999.79,57.14,3,1166.82,1205.86,780.44,597.12,454.43,114.48,480.05,566.45,727.66,-73.23,-220.34,-498.65,53.57,52.59,0.11,154.71,699.32,49.01,-547.87,31.07,-565.29,4.13,-587.5,1376.5,560.01,-628.47
105,14,5,44.06,999.65,57.14,3,1170.88,1210.56,781.76,597.12,454,117.02,480.26,566.4,727.48,-66.42,-215.1,-495.57,54.75,52.62,0.11,153.9,699.64,49.04,-544.78,31.11,-561.97,4.05,-584.25,1022.75,563.31,-627.95
106,15,5,60.78,999.41,57.14,3,1179.6,1219.53,784.64,598.2,453.62,118.89,476.38,567.46,727.64,-51.97,-203.8,-489.82,56.62,52.57,0.11,155.6,699.89,49.01,-539.92,31.13,-556.95,4.31,-578.72,1115.56,626.34,-626.15
107,16,5,51.41,1000.35,57.15,3,1177.2,1217.48,784.01,599.02,453.62,116.6,477.87,567.69,730.9,-59.61,-209.08,-490.27,57.61,52.73,0.11,154.08,700.04,48.99,-538.9,30.93,-555.37,5.49,-577.86,1132.4,649.98,-625.36
108,17,5,52.79,999.79,57.14,3,1176.48,1216.92,783.77,598.18,453.79,116.51,477.33,567.86,729.95,-58.52,-208.39,-490.16,57.17,52.7,0.1,154.51,700.1,48.99,-539.19,31.03,-555.76,3.17,-575.95,1140.07,657.69,-626.4
109,18,5,59.01,1000.92,57.14,3,1176.83,1216.09,785.08,603.42,455.85,116.49,477.77,569.24,729.92,-53.36,-204.46,-488.2,57.28,53.23,0.1,156.08,698.82,49,-537.83,31.11,-554.5,2.63,-574.65,1178.06,683.05,-626.65
110,19,5,65.82,999.59,57.14,3,1177.97,1215.97,785.55,607.4,456,116.56,475.91,569.89,727.74,-47.73,-200.34,-486.55,56.39,53.47,0.11,157.95,700.05,49.02,-536.71,31.33,-553.74,3.38,-574.72,1200.28,703.89,-627.4
111,20,5,52.11,999.91,57.14,3,1175.14,1214.48,785.43,609.54,456.39,115.97,479.41,568.89,731.32,-58.8,-207.97,-487.15,57.98,53.11,0.11,155.59,700.75,49.02,-534.89,31.15,-551.16,3.39,-571.9,1212.76,728.25,-625.93
112,21,5,43.94,1000.02,57.14,3,1169.08,1209.24,784.17,603.71,456.32,115.54,481.75,567.91,730.14,-65.93,-213.79,-490.02,56.43,53.08,0.1,154.8,701.93,48.96,-537.12,30.94,-553.13,2.84,-573.56,1231.45,750.01,-627.35
113,22,5,43.49,999.63,57.14,3,1169.22,1208.74,783.18,603.09,456.19,115.6,481.9,567.77,729.78,-66.34,-214.23,-490.18,56.33,52.93,0.1,154.02,703.37,48.97,-537.37,31.18,-553.51,2.88,-573.87,1229.07,750,-627.56
114,23,5,55.03,999.69,57.15,3,1175.99,1214.24,784.87,603.75,455.77,116.5,478.96,568.42,729.88,-56.42,-206.63,-486.91,57.38,52.84,0.11,156.14,701.17,49.02,-535.15,30.96,-551.33,2.9,-571.93,1237.51,749.99,-626.6
115,0,6,62.93,1000.19,57.14,3,1179.45,1217.15,785.78,608.32,455.57,116.73,477.35,569.29,729.5,-49.75,-201.61,-485.22,57.61,52.67,0.11,157.35,698.94,49.03,-534.4,31.31,-551.03,3.47,-572.01,1475.8,926.77,-626.31
116,1,6,62.01,999.88,57.15,3,1176.98,1215.79,785.57,609.81,455.93,116.86,476.64,569.43,728.39,-50.7,-202.59,-487.2,56.72,52.61,0.11,156.79,697.31,48.97,-537.14,31.04,-554.03,3.13,-575.36,1391.69,928.79,-626.99
117,2,6,54.47,999.86,57.14,3,1174.05,1212.74,784.77,604.01,455.84,116.51,478.72,568.51,728.1,-57.12,-207.63,-490.07,55.85,52.48,0.11,156.22,689.94,48.98,-540,31,-557.06,3.14,-578.49,1389.92,927.24,-627.69
118,3,6,48.2,999.69,57.14,3,1171.25,1209.74,784.02,604.06,456.52,116.5,480.72,568.05,728,-62.5,-211.78,-491.99,54.94,52.48,0.11,155.75,695.41,48.99,-541.51,31.37,-558.87,3.04,-580.28,1380.52,889.06,-630.01
119,4,6,44.44,1000.34,57.14,3,1171.06,1209.61,783.64,603.68,455.83,116.49,481.23,567.63,728.28,-65.5,-213.86,-492.82,55.48,52.4,0.11,155.04,707.76,48.98,-542.28,29.89,-558.89,2.39,-580.56,1369.48,879.42,-629.31
120,5,6,46.12,1000.21,57.15,3,1172.39,1208.83,783.49,603.76,456.23,116.49,481.89,567.77,727.79,-64.21,-213.01,-492.2,54.97,52.35,0.1,156.01,702.22,49.02,-541.83,31.29,-559.12,2.84,-580.9,1432.33,946.09,-628.93
121,6,6,61.11,999.73,57.14,3,1179.66,1215.44,785.3,612.17,455.96,117.14,477.91,569.09,727.77,-51.38,-203.16,-487.95,56.45,52.48,0.1,158.64,689.97,49.04,-538.76,31.32,-556.22,3.32,-578.34,1445.73,945.98,-627.93
122,7,6,56.7,1000.64,57.15,3,1176.23,1212.52,785.6,619.97,457.25,116.95,479.79,569.38,728.16,-55.2,-206.05,-488.93,56.17,52.14,0.1,157.06,697.27,48.99,-539.46,31.17,-556.79,3.21,-578.68,1428.74,927.35,-628.06
123,8,6,63.59,999.72,57.15,3,1180.21,1215.6,785.74,619.96,456.63,117.39,478.18,569.48,727.79,-49.32,-201.52,-486.83,56.48,51.97,0.11,158.94,623.15,49,-538.49,31.17,-556.02,3.58,-578.14,1374.29,882.56,-627.61
124,9,6,63.62,999.72,57.15,3,1180.64,1216.67,785.67,619.92,457,117.42,477.79,569.6,728.04,-49,-200.68,-484.3,57.4,51.79,0.12,159.04,588.35,49,-535.92,31.21,-553.36,3.56,-576.27,1124.61,607.95,-626.68
125,10,6,58.89,999.67,57.14,3,1177.64,1213.56,785.19,619.92,458.62,117.28,479.83,569.63,728.03,-53.19,-203.78,-485.7,56.52,51.49,0.13,159.81,432.33,48.98,-537.86,31.16,-555.56,3.55,-579.37,1198.68,744.4,-626.25
126,11,6,55.91,999.64,57.16,3,1174.24,1211,785.27,619.96,460.17,116.97,481.24,569.85,728.14,-56,-205.95,-486.31,56.09,51.32,0.14,160.25,806.17,49.99,-538.3,31.19,-556.43,3.63,-581.14,1227.03,747.76,-625.61
127,12,6,59.94,999.74,57.14,3,1176.62,1211.52,786.17,621.24,461.18,117.11,480.91,570.53,728.26,-52.83,-203.52,-485.4,56.14,51.27,0.15,162.7,746.41,51.46,-538.72,31.14,-557.55,3.19,-583.53,1292.21,799.11,-627.62
128,13,6,49.25,1003.53,57.16,3,1169.91,1205.78,784.53,620.87,463.16,116.51,484.18,570.15,728.08,-62.28,-210.85,-488.75,54.47,51.15,0.16,161.71,693.13,51.41,-541.49,31.19,-560.59,3.28,-587.23,1266.79,791.75,-628.36
129,14,6,44.43,999.51,57.12,3,1168.55,1204.23,783.92,620.2,461.95,116.2,485.05,568.97,728.07,-66.33,-213.85,-489.92,53.99,51.1,0.16,161.64,697.19,51.61,-542.37,31.09,-561.42,3.33,-588.56,1253.57,781.06,-628.49
130,15,6,51.06,999.93,57.15,3,1172.51,1207.21,784.62,619.97,461.06,116.48,483.18,569.48,727.82,-60.43,-209.59,-488.21,54.23,51.12,0.14,162.41,697.37,51.94,-541.61,31.36,-560.86,3.64,-587.94,1292.82,808.5,-628.63
131,16,6,55.57,999.92,57.15,3,1174.32,1208.78,785.32,620.87,461.41,116.5,482.63,569.65,727.83,-56.63,-206.58,-487,54.64,51.7,0.14,162.25,698.21,52.19,-541.12,31.48,-560.61,3.64,-587.78,1313.07,832.8,-628.8
132,17,6,47.77,1000.12,57.12,3,1170.32,1206.56,784.95,620.98,460.18,115.87,483.2,568.76,728.36,-63.04,-211.59,-489.49,54.68,52.56,0.13,158.22,703.8,51.94,-542.59,31.38,-561.74,3.45,-588.02,1308.97,830.21,-629.97
133,18,6,47.27,999.86,57.16,3,1170.51,1206.05,783.58,619.96,459.97,115.65,483.57,569.24,727.69,-63.74,-212.57,-491,54.3,52.62,0.13,156.96,701.05,51.49,-544.23,31.17,-563.04,3.14,-587.81,1300.06,819.71,-631.26
134,19,6,66.97,998.27,57.14,3,1181.42,1214.4,785.68,619.96,459.49,116.54,478.67,570.67,727.53,-47.11,-199.98,-485.75,55.87,52.56,0.13,159.98,700.03,51.65,-540.82,31.84,-560.21,3.58,-584.7,1316.94,827.63,-630.27
135,20,6,69.86,999.64,57.14,3,1181.77,1216.04,786.4,620.14,459.63,116.76,477.61,571.12,728.38,-44.59,-198.04,-485.44,56.17,52.48,0.13,159.56,699.88,51.53,-540.86,31.56,-560.37,3.42,-585.15,1400.38,892.49,-631.25
136,21,6,63.72,1011.77,57.89,3.04,1176.89,1211.78,785.27,619.93,461.34,116.49,479.74,570.56,728,-50.08,-202.27,-487.15,54.86,51.85,0.13,158.68,704,51.34,-542.12,31.59,-561.71,3.72,-586.57,1409.17,909.71,-630.88
137,22,6,67.67,1029.79,58.85,3.09,1178.39,1212.55,785.21,620.19,462.48,116.53,479.5,570.55,727.87,-47.06,-199.85,-485.99,54.16,50.48,0.13,160.69,706.54,51.63,-541.53,32.08,-561.82,3.94,-587.68,1417.53,915.82,-630.89
138,23,6,72.3,1029.74,58.86,3.09,1181.03,1214.78,786.02,622.71,462.73,116.95,478.71,570.61,727.96,-43.1,-196.66,-484.27,54.62,50.31,0.13,161.4,712.98,51.93,-540.38,32.49,-561.13,3.98,-587.85,1418.33,913.24,-630.58
139,0,7,80.61,1029.83,58.85,3.09,1184.17,1217.21,787.44,623.49,463.11,117.37,477.19,571.8,727.89,-36.02,-191.28,-481.78,55.27,50.29,0.13,162.53,714.85,52.14,-538.75,32.99,-559.92,4.3,-586.92,1421.51,911.35,-630.2
140,1,7,78.86,1030.84,58.86,3.09,1183,1216.14,787.23,623.73,463.57,117.42,477.88,572.1,728.03,-37.53,-192.44,-482.04,55.35,50.48,0.13,161.54,712.22,52.11,-538.88,33.02,-559.95,4.61,-586.81,1416.03,908.52,-630.23
141,2,7,80.3,1030.65,58.85,3.09,1185.07,1217.95,787.62,623.76,463.27,117.37,476.98,571.93,728.03,-36.08,-191.13,-480.71,55.94,50.77,0.13,161.77,715.41,52.27,-537.68,33.37,-558.84,4.9,-585.55,1341.83,842,-629.86
142,3,7,68.48,1029.82,58.86,3.09,1178.47,1213.22,785.94,623.68,463.78,116.49,479.86,570.66,728.17,-45.97,-198.72,-483.67,54.94,51.09,0.13,159.4,715.83,52.01,-539.71,32.96,-560.38,4.19,-586.74,1347.66,835.8,-631.4
143,4,7,70.37,1029.83,58.86,3.09,1179.93,1213.66,785.67,623.68,463.52,116.48,479.64,571.15,727.9,-44.41,-197.67,-483.51,55.04,51.45,0.13,159.69,716.99,51.88,-540.02,32.28,-560.29,3.59,-586.49,1344.08,839.01,-631.4
144,5,7,70.53,1015.43,57.99,3.05,1180.36,1214.06,785.93,623.71,463.55,116.48,479.49,571.33,728,-44.14,-197.34,-482.26,55.72,51.85,0.13,159.59,716.2,51.92,-538.66,32.77,-558.85,4.02,-584.56,1340.9,839,-630.31
145,6,7,75.15,1006.16,57.58,3.02,1182.25,1215.89,786.8,623.8,463.76,116.88,478.35,572.27,727.9,-40.25,-194.4,-481.16,56.45,50.85,0.13,160.19,713.97,51.85,-538.25,31.39,-557.57,3.49,-582.93,1334.95,834.2,-629.54
146,7,7,80.37,1050.44,60,3.15,1183.27,1216.77,787.07,623.78,464.39,117.32,477.66,571.67,727.92,-36.07,-191.22,-480.31,55.53,51.66,0.13,162.39,716.58,51.78,-538.37,31.14,-557.59,3.37,-583.44,1352.2,846.45,-629.51
147,8,7,88.85,1049.73,60.01,3.15,1185.68,1218.81,788.84,625.96,465.81,117.43,476.54,572.27,728.02,-29.11,-185.91,-478.29,55.93,54.58,0.14,165.8,730.87,52.07,-537.45,31.21,-557.17,3.38,-584.1,1417.86,902.49,-626.9
148,9,7,87.07,1049.7,60,3.15,1184.55,1217.24,789.13,642.08,467.29,117.44,478.51,572.43,727.95,-31.15,-187.4,-478.95,55.3,57.91,0.14,166.82,731.37,52.08,-538.06,31.03,-558.11,3.4,-586.3,1432.82,921.66,-626.05
149,10,7,92.49,1050.4,60.01,3.15,1184.45,1217.54,791.31,689.19,469.32,117.43,479.19,573.07,728.51,-26.8,-184.06,-477.46,55.56,59.83,0.15,168.08,731.2,52.21,-537.06,31.15,-557.4,3.62,-586.7,1444.51,930.36,-625.31
150,11,7,85.45,1050.11,60.01,3.15,1181.24,1212.92,790.56,690.87,471.17,117.48,482.69,573.17,728.39,-32.89,-188.8,-479.47,54.38,59.85,0.15,167.81,731.66,52.02,-538.51,31,-558.92,3.49,-589.01,1446.16,938.94,-626.09
151,12,7,96.61,1049.95,60.01,3.15,1184.9,1215.64,792.41,689.27,472.46,117.51,480.63,574.26,727.92,-23.56,-181.84,-476.74,54.83,59.84,0.16,170.57,728.97,52.22,-536.74,31.98,-558.13,4.05,-589.43,1457.43,942.3,-626.65
152,13,7,91.14,1050.03,60,3.13,1184.14,1214.27,791.59,688.38,472.61,117.52,481.85,573.49,727.86,-28.21,-185.34,-478.37,54.02,59.73,0.16,169.86,733.31,51.99,-538.32,31.73,-559.66,3.55,-591.51,1452.7,940.61,-626.69
153,14,7,51.18,1050.59,59.95,3.05,1173.33,1208.47,784.67,645.26,464.34,115.39,483.88,568.48,728.66,-60.85,-209.67,-488.19,53.88,60.8,0.15,157.98,737.69,51.29,-544.05,30.65,-563.68,3.43,-593.44,1396.84,917.06,-628.65
154,15,7,51.86,1050,60,3.01,1176.28,1209.18,783.12,620.93,458.16,114.52,481.52,566.45,726.71,-59.79,-209.62,-489.42,53.68,61.19,0.12,158.4,737.21,50.89,-545.98,31.21,-565.22,3.61,-592.09,1352.53,864.05,-630.84
155,16,7,72.9,1028.09,59.99,2.97,1184.73,1216.8,786.88,623.08,457.13,115.47,474.76,569.18,726.44,-41.88,-196.09,-484,55.62,61.13,0.11,160.42,736.95,51.11,-542.9,31.04,-561.86,3.51,-587.9,1349.97,856.24,-629.94
156,17,7,69.06,1008.28,58.49,2.96,1182.23,1215.62,786.96,623.48,456.95,115.42,477.12,569.69,727.94,-45.11,-198.63,-484.81,56.38,61.27,0.1,157.99,736.91,50.92,-543.05,30.94,-561.58,3.5,-586.67,1344.34,846.59,-630.6
157,18,7,63.53,1011.12,57.78,2.95,1179.93,1214.49,785.97,622.7,456.93,115.57,478.06,569.88,728.05,-49.5,-201.88,-485.75,56.04,61.3,0.1,156.17,731.09,50.97,-543.42,31.02,-561.76,3.5,-586.1,1339.05,842.56,-631.21
158,19,7,57.25,1022.34,58.41,2.95,1178.19,1213.03,785.09,620.38,456.82,115.56,479.86,569.76,727.98,-54.68,-205.58,-486.72,55.85,61.27,0.1,156.01,725.76,50.68,-543.86,31.08,-562.26,3.5,-586.1,1328.91,834.89,-631.6
159,20,7,62.86,1019.6,58.28,2.95,1181.58,1215.25,785,619.95,456.94,116.21,478.63,570.4,727.75,-49.94,-201.88,-484.94,55.82,61.3,0.1,157.67,723.97,50.61,-542.49,31.46,-561.5,3.67,-585.81,1334.43,830.12,-632.49
160,21,7,64.2,1019.9,58.29,2.95,1182.58,1216.54,785.08,619.99,457.45,116.43,477.5,570.65,728.18,-48.7,-200.68,-483.78,56.47,61.06,0.1,157.04,722.83,50.91,-541.74,30.38,-560.28,3.62,-584.5,1330.8,829.63,-630.99
161,22,7,54.64,1019.65,58.29,2.95,1177.26,1211.84,783.66,619.93,457.84,115.61,480.49,570.1,728.01,-57.02,-207.15,-486.33,55.4,61.25,0.11,155.71,720.89,50.68,-543.41,31,-561.75,3.48,-585.72,1335.75,840.97,-631.67
162,23,7,53.94,1019.78,58.28,2.95,1177.44,1212.41,783.67,619.98,457.24,115.94,480.39,569.85,728.17,-57.53,-207.53,-486.21,55.45,61.41,0.1,154.48,721.99,50.73,-543.18,31.07,-561.37,3.54,-586.46,1329.8,837.76,-631.89
163,0,8,47.89,1020.59,58.29,2.95,1174.68,1210.26,782.39,619.95,456.69,115.54,481.62,569.21,727.91,-62.59,-211.4,-487.72,54.95,61.38,0.1,154.64,718.81,50.74,-544.4,31,-562.38,3.46,-586.78,1316.43,828.01,-632.68
164,1,8,47.26,1020.18,58.29,2.95,1174.59,1210.08,782.44,619.95,456.19,115.54,481.37,568.63,728.05,-63.1,-211.93,-488.06,54.91,61.29,0.1,153.3,719.47,50.64,-544.82,31.03,-562.62,3.49,-586.65,1306.2,819.68,-633.23
165,2,8,52.7,996.78,58.28,2.95,1177.25,1211.98,783.36,619.96,455.93,115.8,480.26,569.38,727.85,-58.46,-208.6,-486.88,55.13,60.94,0.12,153.96,718.75,50.44,-544.36,31.03,-561.96,3.52,-586.88,1319.75,825.73,-633.51
166,3,8,52.02,971.93,58.29,2.95,1177.21,1212.83,783.19,619.96,455.09,116.15,480.03,569.1,728.05,-58.94,-208.88,-486.78,55.3,61.14,0.12,153.59,720.01,50.3,-544.16,30.98,-561.59,3.5,-586.25,1321.03,828.75,-633.26
167,4,8,55.89,960.64,58.28,2.95,1178.91,1213.82,782.94,619.96,454.86,116.46,479.27,569.38,727.8,-55.73,-206.61,-486.1,55.18,61.35,0.12,154.04,719.41,50.2,-543.94,30.76,-561.54,3.65,-586.21,1324.3,825.88,-634.7
168,5,8,47.27,1002.76,58.28,2.95,1176.53,1212.84,782.43,612.31,454.08,116.18,479.99,568.28,728.43,-62.74,-211.51,-487.17,55.28,61.34,0.12,153.29,718.46,50.05,-544.18,31.02,-561.37,3.5,-586.11,1314.56,821.52,-633.63
169,6,8,35.39,1020.13,58.28,2.95,1171.74,1208.94,779.89,601.87,453.82,115.6,483.02,566.82,727.98,-72.82,-219.18,-490.21,54.3,60.87,0.12,151.76,715.98,49.67,-546.18,30.99,-563.11,3.51,-586.33,1298.56,815.22,-634.5
170,7,8,50.71,1019.7,58.28,2.95,1179.77,1214.27,781.39,602.78,452.69,116.23,479.88,567.18,727.32,-59.84,-209.44,-486.16,55.03,61.16,0.12,155.08,717.12,49.82,-544.1,31.27,-561.35,3.58,-586.24,1336.75,843.93,-633.85
171,8,8,68.72,1020.15,58.28,3.03,1190.93,1222.73,787.74,603.89,452.22,117.48,474.2,567.8,727.1,-44.5,-197.71,-481.48,55.68,61.22,0.14,159.06,716.03,50.09,-542.13,31.09,-559.86,3.48,-586.21,1407.54,897.54,-633.36
172,9,8,41.31,1019.98,58.3,3.06,1179.28,1215.07,784.21,605.11,451.9,116.81,479.52,564.96,728.81,-67.42,-214.52,-486.72,55.81,62.22,1.61,151.61,718.14,49.78,-543.83,30.75,-560.44,3.43,-586.8,1388.7,901.18,-630.43
173,10,8,30.62,1019.93,58.28,2.93,1172.81,1209.79,778.09,598.35,452.76,116.47,483.46,565.66,728.02,-76.59,-221.78,-490.07,54.22,59.5,5.86,151.36,717.02,49.39,-546.35,30.96,-562.87,3.49,-586.84,1382.8,900.18,-631.08
174,11,8,24.31,1020.95,58.28,2.89,1168.13,1205.4,776.3,599.33,452.62,116.03,484.86,566.55,727.97,-82.03,-226.01,-491.46,55.03,60.13,6.93,148.94,716.34,49.25,-547.07,30.91,-563.12,3.51,-586.99,1373.09,899.93,-630.47
175,12,8,42,1019.52,58.3,3.06,1174.76,1210.96,779.04,601.74,453.63,116.91,482.65,565.91,727.65,-67.09,-214.64,-487.14,53.95,59.97,6.93,152.98,714.92,49.56,-545.02,31.19,-561.77,3.53,-586.99,1389.72,899.47,-630.39
176,13,8,46.35,1019.81,58.28,3.06,1177.8,1214.87,780.53,603.12,452.85,117.34,480.37,566.41,728.16,-63.05,-211.31,-485.09,54.95,59.36,6.95,152.64,716.59,49.67,-543.5,31.01,-560.1,3.51,-586.72,1392.36,897.65,-629.74
177,14,8,40.5,1020.29,58.28,3.06,1175.22,1212.71,780.19,602.95,452.64,117,482.41,565.26,728.09,-67.94,-215,-486.42,54.77,58.41,6.9,151.75,715.6,49.41,-544.51,30.9,-560.94,3.48,-586.59,1357.65,855.54,-629.84
178,15,8,47.63,1019.65,58.29,3.06,1179.12,1215.73,780.22,602.88,452.31,117.36,480.39,565.96,727.68,-61.87,-210.38,-484.07,55.14,59.07,6.89,152.37,714.76,49.51,-543.1,31.2,-559.69,3.52,-586.71,1237.29,755.56,-629.81
179,16,8,47.92,1019.92,58.27,3.06,1179.36,1217.05,780.9,602.66,451.73,117.37,479.69,566.13,728.27,-61.37,-209.73,-482.85,55.74,58.32,6.89,151.25,715.07,49.73,-542.07,30.97,-558.38,3.5,-586.71,1266.8,772.52,-629.42
180,17,8,41.93,1020.86,58.29,3.06,1176.71,1214.29,780.06,600.29,451.86,117.31,481.96,565.21,727.9,-66.48,-213.59,-483.89,55.2,59,6.89,150.64,715.85,49.44,-542.49,32.34,-559.28,3.63,-586.95,1282.12,791.03,-629.86
181,18,8,34.6,1019.69,58.28,3.06,1172.43,1210.8,779.28,597.23,451.98,117.05,484.02,564.55,728.09,-72.76,-218.47,-486.61,54.79,59.03,6.89,149.63,713.92,49.02,-545.31,29.45,-560.67,3.33,-587.94,1287.51,802.22,-630.58
182,19,8,42.64,1020.12,58.29,3.06,1175.77,1213.55,779.63,597.56,452,117.45,482.12,565.35,727.69,-65.93,-213.25,-483.78,55.1,59.01,6.89,151.16,713.63,49.24,-543.24,31.1,-559.43,3.37,-588.73,1299.82,808.98,-630.15
183,20,8,52.71,1019.86,58.29,3.06,1180.88,1218.59,780.56,597.27,451.41,117.5,479.24,566.44,727.88,-57.36,-206.76,-481.44,55.7,58.77,6.89,152.59,714.37,49.44,-542.24,30.99,-558.85,3.12,-588.55,1361.64,860.51,-633
184,21,8,53.49,1018.51,58.16,3.06,1180.74,1219.41,780.7,597.46,451.77,117.59,478.79,566.49,728.03,-56.61,-206,-480.46,56.24,59.01,6.89,152.78,713.88,49.53,-541.39,31.03,-557.86,3.14,-588.55,1362.39,860.4,-631.99
185,22,8,54.46,999.8,57.14,3,1180.27,1219.34,781.15,602.1,451.97,118.04,478.95,567.24,728.15,-55.78,-205.27,-479.47,56.96,59.02,6.89,152.66,698.6,49.65,-540.32,31.21,-556.7,3.6,-588.6,1354.92,855.08,-631.19
186,23,8,38.28,999.71,57.16,3,1172.27,1212.09,778.97,598.42,452.53,117.46,483.2,566.44,728.2,-69.68,-215.94,-484.27,55.56,59.04,6.89,150.1,693.7,49.15,-543.55,30.82,-559.6,3.19,-588.55,1336.25,849.93,-632.44
187,0,9,44.91,999.77,57.14,3,1176.3,1215.16,779.47,597.39,452.29,117.46,481.4,566.47,727.93,-64,-211.59,-482.14,55.98,59.01,6.89,151.17,695.33,49.3,-542.22,31.1,-558.42,3.54,-588.55,1334.6,843.18,-632.24
188,1,9,35.28,999.77,57.14,3,1171.99,1211.35,778.61,597.12,452.64,117.46,483.88,565.77,728.29,-72.09,-217.7,-484.69,55.59,58.93,6.89,149.61,697.55,48.94,-543.85,30.92,-559.74,3.13,-588.91,1322.26,837.48,-632.71
189,2,9,32.82,967.58,55.12,2.9,1170.66,1209.71,778.3,598.44,452.81,117.34,485.02,566.33,727.93,-74.23,-219.43,-484.94,55.73,58.44,6.89,149.19,697.06,48.89,-543.81,31.05,-559.53,3.35,-589.26,1315.19,834.21,-632.56
190,3,9,43.1,942.45,53.99,2.83,1174,1213.67,779.91,600.9,451.91,117.45,482.28,567.73,727.74,-65.34,-212.53,-481.06,58.01,59.05,6.89,149.97,699.63,49.28,-541.02,31.16,-556.66,3.52,-589.27,1319.33,833.84,-630.89
191,4,9,50.3,988.25,56.5,2.96,1177.41,1216.93,779.78,597.32,450.75,117.66,479.22,566.38,726.64,-59.22,-207.91,-479.73,56.95,58.91,6.89,151.21,698.14,49.15,-541.54,31.19,-557.61,3.51,-589.97,1324.24,830.01,-631.76
192,5,9,38.8,1000.1,57.14,3,1173.32,1213.96,779.74,597.99,451.32,117.45,482.67,565.02,728.47,-68.76,-214.74,-481.86,57.37,59.01,6.89,149.48,700.63,48.83,-542.25,30.77,-557.8,3.04,-591.32,1308.67,823.58,-631.44
193,6,9,37.83,999.75,57.13,3,1171.11,1210.94,779.41,597.46,452.2,117.49,483.83,565.23,728.07,-69.76,-215.7,-482.07,57.02,58.99,6.9,149.55,699.93,48.84,-542.62,31.03,-558.24,3.19,-592.11,1304.63,818.76,-631.73
194,7,9,42.44,1001.86,57.15,3,1173.75,1213.29,779.93,598.96,452.21,117.5,483.07,565.33,727.75,-65.75,-212.42,-479.8,57.45,58.88,6.89,150.75,700.25,49.09,-541.15,31.15,-556.8,3.44,-592.1,1290.07,803.01,-631.06
195,8,9,47.66,1001.76,57.14,3,1176.4,1216.15,780.45,600.69,451.98,117.8,481.58,565.98,727.9,-61.26,-208.76,-477.64,57.89,58.97,6.89,151.37,699.72,49.19,-540.02,31.2,-555.78,3.44,-591.83,1315.49,823.72,-630.62
196,9,9,54.95,999.93,57.14,3,1180.31,1220.54,780.84,597.79,451.21,118.45,479.72,566.03,727.71,-55,-203.85,-475.13,58.47,59,6.89,152.38,699.3,49.24,-538.77,31.17,-554.7,3.45,-591.6,1316.43,821.28,-629.83
197,10,9,58.39,999.93,57.15,3,1181.49,1221.82,786.02,601.4,451.53,118.46,479.22,565.75,727.8,-52.13,-201.51,-473.65,58.93,59.07,6.89,153.44,698.01,49.21,-538.04,31.06,-554.01,3.55,-591.25,1316.1,819.31,-629.03
198,11,9,65.11,999.98,57.13,3,1177.79,1219.88,782.44,608.33,450.5,119.13,474.07,566.39,721.58,-46.8,-198.41,-474.56,55.71,59.03,6.88,152.46,699.5,49.1,-541.57,31.15,-558.17,3.78,-590.66,1313.42,816.5,-631.66
199,12,9,55.38,999.99,57.15,3,1175.83,1220.19,786.17,619.98,454.73,118.74,482.58,567.36,730.64,-54.32,-202.7,-472.98,60.11,58.77,6.88,150.82,698.14,49.34,-536.91,31.02,-552.78,3.67,-590.35,1308.34,814.68,-627.88
200,13,9,55.86,999.99,57.14,3,1174.92,1219.28,786.39,620.07,455.5,118.49,483.46,567.47,732.12,-53.96,-202.43,-472.51,60.43,58.95,6.89,149.39,699.74,49.33,-536.63,30.92,-552.46,3.51,-590.17,1302.25,805.46,-627.89
201,14,9,50.38,1000.01,57.14,3,1170.47,1214.4,784.8,619.96,454.6,117.65,482.77,566.8,728.13,-58.89,-206.65,-475.29,57.82,59.23,6.88,149.53,701.32,48.99,-539.95,30.91,-555.9,3.66,-589.86,1294.96,803.72,-630.01
202,15,9,46.7,999.97,57.14,3,1169.04,1212.97,784.48,619.99,454.75,118.07,484.67,566.43,727.94,-62,-209,-476.13,57.21,58.84,6.88,149.41,698.16,48.77,-540.9,30.99,-556.88,3.28,-590.08,1295.35,806.94,-630.9
203,16,9,53.88,999.99,57.15,3,1172.09,1215.42,784.89,619.96,454.57,118.44,483.27,567.14,727.84,-55.93,-204.44,-474.03,57.76,58.86,6.88,150,698.56,48.95,-540.25,30.73,-556.31,3.24,-590.35,1304.25,820.04,-630.81
204,17,9,55.49,1000.03,57.14,3,1177.62,1217.65,783.12,610.88,453.04,118.43,481.21,565.97,726.42,-54.7,-203.45,-473.06,57.27,59.49,6.83,152.61,697.65,49.07,-540.12,31.2,-556.49,3.61,-590.6,1390,884.23,-630.61
205,18,9,58.54,1000.08,57.14,2.97,1183.85,1219.93,777.36,597.83,449.85,118.41,477.34,564.11,722.92,-52.49,-201.91,-472.45,56.31,58.77,6.69,156.4,702.47,49.08,-540.63,31.13,-557.08,3.63,-590.78,1336.61,838.86,-631.27
206,19,9,49.59,998.91,57.14,2.99,1179.66,1212.08,781.22,614.49,456.23,118.04,485.34,566.66,727.62,-59.62,-206.82,-472.83,58.12,59.71,6.52,156.22,699.84,49.17,-538.82,31.11,-554.79,3.77,-590.99,1327.02,837.11,-630
207,20,9,55.41,999.94,57.14,3,1183.04,1213.1,781.72,619.92,457.13,118.39,485.43,567.25,727.89,-54.68,-203.1,-471.08,58.26,59.29,6.45,157.86,697.71,49.34,-538.09,31.1,-554.3,3.75,-590.97,1332.41,839.11,-629.96
208,21,9,56.99,998.59,57.14,3,1183.24,1213.55,781.72,619.94,457.1,118.4,485.19,567.47,728.03,-53.37,-202.03,-470.24,58.56,58.88,6.36,157.66,699.92,49.49,-537.62,31.18,-553.88,3.91,-590.99,1333.8,838.58,-629.64
209,22,9,56.29,997.35,57.15,3,1182.11,1212.4,781.41,619.94,458.25,118.41,485.67,567.75,728.02,-54.06,-202.63,-470.65,58.11,58.87,6.22,157.37,699.37,49.45,-538.45,31.01,-554.79,3.57,-591.06,1324.45,829.59,-630.05
210,23,9,57.58,1000.44,57.14,3,1183.4,1213.46,781.67,619.92,458.38,118.42,485.15,568.17,728.08,-52.89,-201.66,-469.76,58.37,59.4,6.04,157.79,700.76,49.54,-537.91,31.05,-554.26,3.74,-591.3,1326.81,833.3,-629.75
211,0,10,45.04,1036.22,59.38,3,1175.39,1207.77,779.77,619.93,458.69,117.81,488.48,567.2,728.22,-63.71,-209.95,-473.57,57.29,58.84,5.76,155.4,700.51,49.21,-540.46,30.72,-556.51,3.6,-590.97,1321.4,833.29,-630.7
212,1,10,48.07,1009.23,57.54,3,1182.73,1212.76,777.84,608.85,457.13,118.03,485.61,566.82,727.52,-61.11,-207.87,-472.42,57.16,59.21,4.8,157.73,702.29,49.3,-540.06,31.19,-556.54,3.64,-590.67,1287.16,800.33,-630.84
213,2,10,45.45,999.99,57.14,3,1188.27,1216.09,778.64,602.86,455.82,117.6,483.94,566,728.16,-63.06,-208.88,-472.18,57.79,58.82,4.06,157.98,700.5,49.45,-539.58,31.04,-556.05,3.65,-590.34,1299.65,812.58,-630.43
214,3,10,46.58,1000.73,57.15,3,1192.25,1215.13,777.86,605.81,456.28,117.46,484.89,566.03,727.78,-62.18,-208.35,-472.16,57.68,59.28,3.48,158.58,700.98,49.44,-539.86,31.15,-556.48,3.47,-590.74,1318.02,826.57,-631.3
215,4,10,47.7,999.83,57.14,3,1183.77,1213.95,779.05,612.94,456.85,117.53,485.11,566.49,728.21,-61.22,-207.72,-472.15,57.57,58.88,3.02,158.5,698.38,49.42,-540.33,30.54,-556.68,2.94,-590.69,1357.4,866.02,-630.74
216,5,10,49.45,999.99,57.15,3,1183.54,1213.57,779.01,619.14,457.46,118.02,485.43,566.92,727.98,-59.78,-206.62,-471.44,57.43,59.17,2.63,158.78,696.8,49.44,-539.95,31.17,-556.76,3.61,-589.96,1353.03,862.11,-630.34
217,6,10,51.21,999.97,57.14,3,1184.54,1214.09,779.52,619.97,457.74,118.38,485.27,567.19,727.97,-58.35,-205.55,-470.99,57.45,58.97,2.3,159.01,699.09,49.57,-539.99,31.13,-556.9,3.67,-589.75,1353.3,860.51,-630.06
218,7,10,53.67,1000,57.14,3,1183.81,1214.79,779.65,619.98,457.96,118.46,484.57,567.37,728.01,-56.17,-203.87,-469.98,57.81,59.06,2.02,158.68,697.88,49.92,-539.52,31.19,-556.45,3.71,-589.98,1352.63,858.79,-629.53
219,8,10,53.15,1001.63,57.15,3,1150.13,1190.13,764.83,619.31,450.37,118.32,472.61,562.86,716.57,-58.63,-209.35,-476.33,54.41,55.86,1.42,159.51,700.07,50.26,-550.08,31.43,-566.67,4.04,-594.91,1093.77,676.09,-633.91
220,9,10,35.69,999.75,57.15,3,1152.64,1171.15,759.46,610.82,441.37,117.32,459.4,557.42,687.34,-75.35,-224.43,-489.34,53.5,57.17,0.36,172.99,699.3,48.62,-565.59,31.52,-583.62,4.01,-617.21,1166.62,681.85,-644.57
221,10,10,61.24,999.77,57.14,3,1176.28,1205.76,785.03,628.66,463.33,118.05,489.6,569.57,725.72,-50.18,-199.75,-468.6,56.71,62.79,0.13,170.38,699.75,50.33,-539.45,31.99,-557.36,4.54,-586.48,1336.02,834.75,-628.64
222,11,10,64.75,999.96,57.14,3,1181.91,1210.67,784.9,625.18,463.02,118.02,487.49,569.8,727.93,-46.98,-196.65,-466.14,57.74,62.42,0.12,166.44,697.97,50.72,-537.36,32.2,-555.61,4.68,-579.73,1344.04,843.86,-627.28
223,12,10,70.64,999.9,57.15,3,1185.85,1213.48,785.25,624.96,462.88,118.46,485.44,570.18,727.85,-42.14,-192.98,-464.78,60.38,62.28,0.13,167.95,695.77,50.86,-537.07,32.22,-555.74,4.41,-580.73,1331.74,825.61,-628.32
224,13,10,60.04,1000.27,57.14,3,1181.43,1211.34,783.91,623.85,462.62,118.02,486.43,569.1,728.35,-51.14,-199.69,-467.48,66.83,62.18,0.13,164.9,700.04,50.9,-538.62,31.9,-557.08,4.11,-582.32,1330.06,833.43,-627.94
225,14,10,54.53,999.88,57.14,3,1180.38,1210.14,782.21,622.93,460.93,117.6,487.5,567.53,727.72,-55.93,-203.37,-468.9,66.45,62.07,0.12,165.1,699.14,51.05,-539.7,32.4,-558.36,4.56,-583.85,1331.39,840,-628.41
226,15,10,62.96,1000.38,57.15,3,1159.45,1197.41,774.64,622.25,459.1,118.36,482.82,567.81,724.74,-50,-200.79,-469.44,64.26,61.98,0.12,162.93,699.58,51.41,-543.24,32.75,-562,4.81,-586.61,1332.34,775.72,-630.26
227,16,10,40.95,999.88,57.13,3,1136.76,1173.44,768.03,625.07,450.3,117.4,468.86,560.55,699.25,-70.43,-219.64,-482.99,56.76,61.98,0.11,174.6,701.43,50.54,-558.1,32.63,-576.51,4.89,-615.33,802.9,424.47,-639.89
228,17,10,51.8,999.98,57.14,3,1176.68,1206.26,781.72,621.07,460.49,117.56,488.11,567.85,727.69,-58.41,-205.89,-470.48,65.48,61.94,0.11,162.15,701.39,50.68,-541.1,32.5,-559.23,4.64,-584.35,1409.63,922.21,-630.2
229,18,10,50.99,999.89,57.14,3,1174.36,1206.42,781.66,619.96,459.89,117.63,487.58,567.82,727.82,-59.04,-206.41,-471.08,65.25,61.72,0.11,160.78,700.11,50.24,-541.89,32.27,-560,4.51,-585.42,1410.77,936.96,-630.47
230,19,10,56.42,997.69,57.14,3,1177.02,1208.83,782.34,621.22,460.31,118.38,486.45,569.13,727.92,-54.39,-202.73,-469.18,65.8,61.68,0.11,161.1,696.88,50.14,-540.79,32.21,-558.91,4.2,-584.68,1353.71,863.49,-630.18
231,20,10,47.33,999.67,57.14,3,1173.69,1207.47,780.35,620.43,459.63,117.62,487.75,567.97,728.25,-62.06,-208.32,-471.41,65.73,55.6,0.11,158.93,694.79,49.87,-541.83,31.84,-559.67,3.93,-583.51,1369.75,880.22,-630.71
232,21,10,37.44,1000.03,57.15,3,1137.35,1177.02,760.37,619.27,450.38,117.3,474.26,561.89,713.75,-72.8,-220.66,-481.32,58.77,47.84,0.11,158.98,695.03,50,-555.54,31.87,-572.83,3.86,-597.05,1197.08,667.39,-636.78
233,22,10,35.1,999.56,57.14,3,1189.22,1192.25,765.52,607.67,448.01,117.04,469.01,561.65,701.55,-74.47,-220.75,-481.47,57.52,47.66,0.11,173.93,697.51,49.02,-554.98,32.41,-573.63,4.61,-607.2,801.79,500.48,-640.25
234,23,10,60.89,999.56,57.15,3,1210.34,1215.6,778.5,612.25,459.3,118.13,481.5,568.68,726.21,-50.72,-199.56,-466.5,62.55,47.5,0.11,165.2,695.09,50.56,-538.88,33.15,-557.94,5.15,-582.22,1376.64,886.01,-630.75
235,0,11,62.5,999.83,57.14,3,1199.61,1215.08,780.68,619.92,460.38,118.28,482.59,569.42,727.63,-49.18,-198.18,-465.4,64.09,47.4,0.11,162.74,695.04,50.66,-537.72,33.01,-556.73,4.99,-581.28,1379.16,882.31,-629.91
236,1,11,55.37,999.58,57.15,3,1196.87,1213.9,779.23,619.92,461.22,117.6,485.1,569.23,729.76,-55.11,-202.45,-466.82,64.84,47.26,0.11,160.18,695.56,50.61,-538.11,32.81,-556.86,4.57,-581.33,1376.46,882.26,-629.68
237,2,11,61.99,1000.39,57.14,3,1197.61,1215.12,778.3,619.89,459.34,118.31,480.08,568.94,724.97,-49.88,-199.02,-466.44,63.65,47.12,0.11,160.82,698.38,50.27,-539.86,32.82,-559.03,4.94,-583.62,1377.22,878.84,-631.49
238,3,11,60.48,999.98,57.14,3,1196.81,1215.04,780.04,619.72,459.02,117.72,481.28,568.82,725.49,-51.2,-200.06,-467.02,63.74,47,0.11,160.78,700.73,50.06,-539.99,32.54,-558.97,4.44,-583.58,1378.11,877.95,-632.57
239,4,11,57.18,999.7,57.14,3,1196.17,1215.04,778.67,619.92,458.08,117.43,482.74,567.93,727.17,-53.89,-201.98,-467.38,64.18,46.93,0.11,160.13,702,50.09,-539.77,31.85,-558.01,3.93,-582.13,1367.84,875.53,-631.15
240,5,11,58.81,1000.97,57.15,3,1196.14,1214.99,779.82,619.92,458.3,117.43,483.08,568.39,727.69,-52.49,-200.92,-466.49,64.45,46.85,0.11,159.78,702.28,50.08,-539.09,32.17,-557.39,4.14,-581.1,1372.43,879.02,-630.89
241,6,11,40.12,1000.7,57.13,3,1181.19,1184.18,760.54,631.45,429.16,116.95,441.19,552.15,691.32,-72.04,-222.11,-484.31,53.83,46.72,0.11,167.16,702.97,49.58,-565.51,32.49,-583.78,4.56,-616.64,897.39,474.06,-644.83
242,7,11,48.26,1000.14,57.15,3,1202.58,1208.9,776.9,622.65,444.92,117.25,464.2,561.76,708.82,-62.35,-210.13,-474.03,61.13,46.58,0.11,173.15,703.04,49.34,-550.18,32.34,-569.19,4.58,-594.61,1294.72,821.73,-637.6
243,8,11,68.75,1000.23,57.15,3,1198.06,1215.39,781.78,620.2,461.32,118.31,484.43,570.13,727.98,-43.94,-194.25,-462.38,63.42,46.37,0.12,165.81,700.59,50.41,-536.53,32.68,-555.21,4.99,-579.24,1329.47,830.26,-629.28
244,9,11,52.71,999.84,57.14,3,1194.35,1213.48,779.78,621.11,461.58,117.69,486.54,569.18,731.09,-57.4,-203.67,-465.32,64.36,45.92,0.12,162.81,703.1,50.4,-536.54,32.34,-554.67,4.4,-578.91,1241.67,842.04,-627.25
245,10,11,29.05,999.62,57.15,3,1163.69,1170.96,755.45,617.7,431.48,116.63,444.52,552.22,685.86,-82.26,-230.25,-487.87,51.8,45.46,0.14,174.16,700.91,49.91,-568.39,32.61,-587.08,4.68,-624.86,960.64,460.65,-644.06
246,11,11,60.49,999.43,57.15,3,1199.67,1211.99,780.03,618.95,463.24,117.54,485.55,569.92,726.86,-51.59,-199.89,-464.45,62.83,45.36,0.14,173.56,701.12,51.16,-537.88,33.35,-557.53,5.07,-586.25,1180.21,841.3,-628.06
247,12,11,65.19,1000.06,57.15,3,1203.03,1216.01,779.23,620,462.2,117.78,482.97,570.17,727.88,-47.62,-196.64,-462.6,63.61,45.37,0.15,169.8,698.57,51.53,-537.22,33.01,-556.95,4.72,-586.58,1240.32,842.32,-626.99
248,13,11,69.42,1001.06,57.15,3,1205.19,1218.06,780.09,619.99,462.19,118.37,481.92,570.16,727.73,-44.11,-193.8,-460.79,63.83,41.57,0.15,169.85,694.24,51.8,-536.34,33.72,-556.78,5.33,-586.15,1520.66,838.85,-626.31
249,14,11,74.77,999.89,57.15,3,1204.15,1220.6,781.63,619.14,461.19,118.37,479.77,569.43,728.05,-39.5,-190.13,-458.64,64.67,-4.48,0.14,169.75,683.28,52.16,-535.08,34.34,-555.95,5.71,-585.17,1336.41,838.53,-625.91
250,15,11,69.12,999.74,57.14,3,72.04,1220.8,784.47,621.16,459.68,117.55,479.89,568.5,729.01,-43.83,-193.25,-459.49,65.45,-5.35,0.13,167.07,663.2,52.13,-535.69,34.12,-556.17,5.61,-585.76,1334.02,840.62,-625.77
251,16,11,67.17,999.95,57.14,3,1046.38,1216.81,784.1,644.92,462.97,117.48,485.66,569.45,734.05,-45.25,-193.94,-458.93,68.12,-5.1,0.12,164.25,634.93,52.15,-533.58,34.21,-553.53,5.9,-587.25,1332.03,837.47,-624.27
252,17,11,46.21,1001.15,57.12,3,1256.31,1207.61,778.14,621.6,459.44,116.42,485.8,566.92,727.87,-63.28,-208.62,-467.86,64.08,-4.82,0.12,159.18,642.76,50.93,-541.53,33.26,-560.82,5.06,-588.53,1313.72,834.74,-629.64
253,18,11,39.38,999.6,57.15,3,1254.22,1205.67,775.96,619.92,458.34,116.03,487.38,566.08,728.02,-69.1,-213.29,-470.59,63.68,-4.57,0.11,157.25,660.41,50.35,-543.59,32.56,-562.23,4.48,-589.5,1311.89,833.83,-630.88
254,19,11,53.29,999.52,57.15,3,1260.77,1211.21,777.44,619.93,458.23,116.71,483.88,567.51,727.39,-57.34,-204.42,-466.34,64.3,-4.55,0.11,159.39,587.5,50.23,-541.4,33.09,-560.47,5.04,-589.19,1323.84,837.26,-630.75
255,20,11,45.91,999.8,57.15,3,1259.06,1210.01,775.93,619.92,458.59,116.64,485.12,567.32,728.26,-63.36,-208.67,-467.88,63.83,-4.47,0.11,158.13,705.13,50.22,-541.72,32.79,-560.47,4.62,-589.03,1319.01,835.13,-631.22
256,21,11,45.39,999.67,57.12,3,1258.37,1209.58,775.89,619.92,458.42,116.55,485.42,566.99,728.02,-63.72,-208.91,-467.9,63.61,27.04,0.12,158.37,708.47,50.19,-542.22,31.89,-560.58,3.9,-588.87,1320.94,835.51,-630.85
257,22,11,43.58,1000.2,57.15,3,1257.27,1208.86,774.95,619.91,458.38,116.48,486.02,566.77,728.04,-65.17,-209.85,-467.7,63.9,57.98,0.11,157.44,707.09,50.14,-542.12,32.16,-560.57,4.22,-588.29,1320.48,836.87,-631.01
258,23,11,44.27,1000.79,57.14,3,1257.1,1208.77,774.95,619.92,458.74,116.49,486.47,566.85,728.04,-64.51,-209.21,-466.81,63.86,65.95,0.11,157.34,704.87,50.16,-541.75,32.24,-560.28,4.56,-587.81,1321.13,837.43,-631.04
259,0,12,48.61,999.63,57.14,3,1255.17,1207.47,777.02,620.9,461.37,116.8,487.21,567.98,728.02,-60.88,-206.46,-464.84,63.72,63.67,0.12,157.91,704.82,50.27,-540.8,32.63,-559.54,4.5,-587.9,1323.73,836.9,-630.87
260,1,12,51.49,999.7,57.15,3,1255.48,1207.68,777.68,622.86,462.6,117.33,487.26,569,728.06,-58.49,-204.59,-463.54,63.58,66.42,0.12,158,704.26,50.37,-540.09,32.8,-558.94,4.49,-587.23,1327.15,837.34,-630.63
261,2,12,49.89,999.67,57.14,3,1253.43,1206.5,777.64,622.89,462.72,117.29,487.43,569.24,728.01,-59.83,-205.64,-463.88,62.8,66.2,0.12,157.74,704.07,50.34,-540.48,32.81,-559.3,4.56,-587.24,1327.15,839.39,-630.8
262,3,12,48.92,999.6,57.14,3,1252.6,1206.05,777.45,622.91,461.98,117.09,487.87,568.84,728.02,-60.61,-206.27,-464.41,62.19,58.58,0.12,158.14,704.91,50.2,-541.47,32.17,-559.98,4.05,-587.18,1330.65,838.15,-632.48
263,4,12,49.64,999.68,57.14,3,1252.48,1206.04,777.57,622.81,462.47,117.46,488.01,568.77,727.99,-59.99,-205.76,-463.76,62.25,66.36,0.12,157.83,702.57,50.09,-541.27,32.04,-559.67,3.92,-586.9,1330.96,839.12,-631.45
264,5,12,48.9,999.73,57.14,3,1252.56,1206.2,777.64,622.99,462.79,117.45,488.44,568.71,728.04,-60.55,-206.02,-463.33,62.36,65.34,0.12,157.59,701.96,50.47,-540.7,32.39,-559.25,4.17,-586.43,1329.32,840.28,-631.13
265,6,12,-80.14,867.37,49.38,2.71,995.83,985.54,617.38,552.94,372.42,112.49,361.31,475.53,645.21,-179.47,-311.87,-523.2,24.02,56.22,0.12,155.3,702.03,63.2,-599.05,31,-607.96,4.17,-638.07,512.66,246.65,-636.93
266,7,12,-96.24,868.41,50.07,2.67,1093.61,1072.29,611.66,565.42,366.65,109.79,373.68,474.29,637.47,-192.83,-318.32,-526.23,7.13,61.16,0.12,168.05,702.16,59.72,-589.44,33.28,-599.93,5.56,-640.87,278.53,180.61,-622.62
267,8,12,-12.4,914.94,52.28,2.73,1227.59,1186.16,651.01,607.33,441.49,114.34,466.93,554.88,703.81,-115.73,-251.91,-494.43,40.76,61.21,0.12,178.84,702.94,47.94,-572.38,31.34,-592.44,3.98,-635.2,1397.8,863.17,-646.68
268,9,12,44.97,976.77,55.91,2.93,1258.28,1207.36,676.95,597.71,462.47,116.84,485.39,570.11,727.72,-65.3,-210.85,-470.96,53.75,62.41,0.34,173.18,699.13,50.31,-552.04,32.65,-573.44,4.37,-621.38,1350.23,858.87,-636.2
269,10,12,45.12,1000.07,57.16,3,1231.28,1180.64,661.06,601.92,446.76,116.74,457.11,558.45,707.11,-68.26,-217.34,-477.22,42.46,66.59,2.77,170.62,697.81,51.4,-566.87,32.85,-588.48,4.4,-626,1013.24,549.59,-643.12
270,11,12,47.89,999.42,57.15,3,1210.56,1173.54,657.02,630.1,441.14,116.77,444.78,556.7,686.02,-66.99,-217.13,-478.64,43.33,62.43,6.48,180.9,699.24,50.76,-570.06,33.89,-593.45,5.79,-646.21,1229.98,749.27,-648.24
271,12,12,44.88,999.75,57.13,3,1229.18,1188.34,683.5,619.97,458.35,116.65,474.63,566.08,707.7,-67.45,-214.45,-473.87,49.08,59.79,6.91,182.06,700.05,50.99,-558.57,33.56,-581.39,5.12,-637.98,1318.83,843.92,-641.5
272,13,12,43.22,999.93,57.13,3,1259.3,1205.4,687.4,601.01,462.29,116.26,484.1,567.75,726.83,-66.96,-211.72,-469.78,51.69,60.16,6.91,170.66,701.97,51.68,-551.15,32.72,-572.53,4.1,-614.53,1307.9,827.89,-636.24
273,14,12,36.56,1005.29,57.14,3,1262.4,1207.18,677.92,602.67,459.94,115.62,483.22,566.29,727.96,-72.36,-215.71,-471.55,52.24,59.07,6.91,166.4,701.63,51.28,-552.65,32.58,-573.47,4.07,-597.41,1304.98,824.81,-637.27
274,15,12,48.57,1000.99,57.14,3,1267.89,1211.66,675.97,602.11,459.49,116.25,480.4,567.44,727.54,-62,-207.81,-467.14,53.26,60.18,6.9,166.61,699.2,51.32,-550.99,32.94,-571.98,4.22,-595.62,1320.15,831.89,-636.87
275,16,12,53.82,954.04,54.43,2.86,1272.69,1215.84,677.59,601.56,458.53,116.53,478.38,568.66,728.12,-57.1,-203.59,-463.92,53.98,60.18,6.89,166.19,700.06,51.26,-548.43,32.9,-569,4.4,-592.1,1309.88,822.68,-634.25
276,17,12,41.34,986.76,56.75,2.98,1268.08,1212.22,671.78,598.12,458.13,116.05,480.43,567.01,728.18,-67.53,-211.36,-467.36,53.73,59.71,6.89,162.8,699.38,50.62,-551.12,32.43,-571.31,4.16,-593.34,1304.41,822.06,-636.06
277,18,12,34.9,1000.48,57.14,3,1267.86,1212.23,666.39,597.45,456.54,115.68,481.1,565.29,727.65,-73.03,-215.58,-469.05,53.76,59.25,6.89,161.37,700.53,50.21,-552.87,32.1,-572.79,3.66,-594.07,1297.32,819.71,-637.51
278,19,12,47.29,999.92,57.15,3,1272.42,1217.55,666.06,597.48,456.32,116.49,478.27,566.5,728.02,-62.32,-207.1,-463.99,55.32,59.97,6.9,162.54,699.14,50.42,-549.9,32.38,-570,4.07,-591.02,1307.5,819.19,-636.24
279,20,12,43,999.98,57.14,3,1267.92,1214.85,666.03,597.4,457.15,116.5,479.66,566.98,728.22,-65.9,-209.76,-465.09,53.54,60.02,6.9,161.18,698.86,50.17,-550.55,32.3,-570.62,3.72,-591.62,1303.59,817.26,-637.17
280,21,12,47.29,977.35,55.89,2.93,1267.59,1214.8,666.5,599.18,458.27,116.51,479.66,568.63,727.8,-62.35,-207.2,-463.74,55.1,59.76,6.89,160.4,699.67,50.02,-550.27,31.88,-570.15,3.39,-591.12,1306.11,817.18,-636.92
281,22,12,49.83,1000.12,57.14,3,1269.22,1216.27,667.43,599.79,459.01,116.51,478.59,568.12,728.1,-60.13,-205.29,-462.28,54.78,60.08,6.89,160.76,700.01,50.01,-549.39,32.17,-569.57,3.8,-590.78,1307.92,817.54,-636.89
282,23,12,51.93,999.94,57.14,3,1269.5,1216.77,667.61,599.93,459.48,116.68,478.43,568.79,727.89,-58.33,-203.87,-461.08,54.23,59.69,6.87,160.79,700.87,50.26,-548.71,32.53,-569.04,4.04,-590.07,1313.31,817.97,-636.71
283,0,13,53.53,998.96,57.14,3,1267.56,1216.7,669.07,598.48,460.04,116.92,478.64,569.06,728.16,-56.88,-202.61,-459.62,54.44,59.55,6.87,160.67,701.94,50.61,-547.72,32.81,-568.14,4.33,-589.07,1296.15,803.54,-636.31
284,1,13,52.44,1000.16,57.14,3,1262.4,1213.7,669.24,597.15,461.28,116.89,480.43,569.42,728.03,-57.93,-203.61,-459.82,54.23,59.84,6.83,160.01,702.41,50.54,-548.39,32.81,-568.65,4.38,-589.06,1291.93,800.71,-636.74
285,2,13,50.22,999.68,57.15,3,1260.63,1212.52,668.27,597.21,461.01,116.7,480.62,569.27,728.07,-59.76,-205.01,-460.35,53.79,59.99,6.83,159.17,703.47,50.31,-548.97,32.65,-569.02,4.18,-589.06,1305.73,815.91,-636.95
286,3,13,52.33,1001.05,57.14,3,1262.12,1213.38,668.24,597.19,461.29,116.97,480.18,569.15,727.94,-57.98,-203.6,-459.39,53.36,60.21,6.83,159.19,701.85,50.24,-548.74,32.72,-568.94,4.04,-589.09,1314.64,822.06,-636.95
287,4,13,48.3,999.3,57.14,3,1259.58,1211.6,667.83,597.7,461.17,116.62,481.31,569.22,728.08,-61.33,-206.17,-460.57,52.74,59.58,6.83,158.62,701.96,50.06,-549.62,32.51,-569.56,3.92,-589.4,1316.83,828.33,-637.12
288,5,13,53.05,998.7,57.14,3,1261.03,1212.96,669.03,597.13,461.63,117.17,480.34,569.36,727.85,-57.3,-203.03,-458.53,52.32,59.94,6.83,159.43,703.28,49.99,-548.86,32.58,-568.85,3.94,-588.38,1326.21,833,-636.77
289,6,13,60.27,999.96,57.14,3,1264.94,1216.46,670.25,597.17,461.8,117.52,478.76,569.57,727.81,-51.18,-198.06,-455.52,52.53,60.25,6.83,161.08,700.67,50.16,-546.95,32.97,-567.35,4.26,-587.31,1333.46,835.02,-635.94
290,7,13,59.93,999.93,57.13,3,1265.61,1217.2,670.82,597.1,460.55,117.45,478.43,569.57,728.07,-51.18,-197.74,-454.8,52,59.95,6.83,162.04,703.57,50.14,-546.3,32.99,-566.84,4.39,-587.4,1333.35,836.2,-635.37
291,8,13,49.3,999.92,57.14,3,1259.6,1212.65,669.29,597.11,460.77,117.15,480.92,568.48,728.28,-60.02,-204.38,-457.82,50.51,60.06,6.82,160.65,700.85,49.91,-547.97,32.62,-568.13,3.98,-588.8,1329.51,836.96,-635.62
292,9,13,53.46,999.99,57.15,3,1260.49,1213.05,669.65,597.11,461.03,117.33,480.9,568.63,727.78,-56.56,-201.76,-456.05,49.31,60.13,6.83,163.25,697.9,50.15,-547.2,32.93,-567.47,4.42,-587.93,1334.87,839.43,-634.65
293,10,13,66.99,1000.42,57.15,3,1265.49,1216.89,674.03,599.63,461.75,117.49,478.44,569.86,727.9,-45.24,-192.81,-450.62,49.63,59.73,6.84,166.31,698.26,50.95,-543.6,33.77,-564.61,5.1,-585.96,1352.54,845.75,-631.93
294,11,13,70.06,999.82,57.15,3,1264.33,1215.93,677.26,597.22,463.5,117.53,479.46,570.48,728.09,-42.73,-190.81,-448.97,49.41,59.9,6.85,167.06,699.34,51.38,-541.97,34.3,-563.36,5.47,-585.64,1356.24,852.62,-630.73
295,12,13,72.95,999.64,57.15,3,1264.76,1215.99,678.64,597.56,464.35,117.52,479.25,571.03,728.1,-40.37,-188.96,-447.85,49.2,59.69,6.84,168.3,699.4,51.61,-541.56,34.42,-563.36,5.39,-586.6,1352.89,848.52,-631.51
296,13,13,77.16,999.96,57.15,3,1264.9,1215.73,684.87,605.82,465.68,117.51,479.26,571.63,728.1,-36.94,-186.34,-446.1,49.23,59.97,6.86,169.25,696.65,51.91,-540.58,34.59,-562.64,5.47,-586.58,1334.81,832.46,-630.37
297,14,13,57.78,999.94,57.13,3,1256.85,1209.23,682.97,601.7,465.44,117.12,483.45,569.1,728.32,-53.07,-198.58,-452.08,47.91,59.98,6.86,165.73,699.13,51.64,-543.45,34.21,-565,5.23,-589.1,1329.16,841.39,-631.13
298,15,13,56.64,1000.26,57.15,3,1255.66,1207.81,679.48,598.19,465.35,116.61,484.09,569.2,727.84,-54.04,-199.57,-452.64,47.28,59.59,6.85,166.47,699.37,51.42,-544.46,34.25,-566.02,5.24,-590.19,1323.93,837.51,-632.33
299,16,13,41.71,999.96,57.14,3,1248.85,1203.01,677.38,597.39,464.41,115.87,486.58,567.5,728.37,-66.56,-209.2,-457.84,46.61,60.07,6.85,162.05,700.95,50.78,-547.43,33.57,-568.12,4.78,-591.54,1298.78,825.32,-633.25
300,17,13,41.33,999.88,57.13,3,1249.83,1203.12,674.78,598.81,463.5,115.6,486.79,567.47,727.95,-66.72,-209.47,-458.1,46.79,59.8,6.83,161.15,700.99,50.45,-548.22,33.31,-568.49,4.59,-590.63,1301.68,824.79,-634.54
301,18,13,37.1,999.78,57.15,3,1249.48,1202.5,670.66,601.36,462.59,115.54,486.76,567.09,727.91,-70.42,-212.5,-459.91,46.27,59.97,6.83,158.85,699.44,50.08,-549.92,32.86,-569.73,4.12,-590.49,1294.23,818.46,-635.87
302,19,13,41.19,999.87,57.14,3,1253.37,1205.93,668.88,598.63,461.63,115.79,484.78,567.37,728.03,-66.74,-209.57,-457.97,47,60.19,6.83,159.44,699.4,50.05,-549.1,32.83,-568.79,4.01,-589.1,1298.13,816.73,-635.62
303,20,13,43.6,993.04,56.71,2.98,1253.05,1205.71,668.01,597.69,462.43,116.12,485.04,568.45,727.78,-64.74,-208.04,-457.02,47.23,60.02,6.83,159.26,700.4,49.92,-549.12,32.63,-568.86,3.72,-589.01,1299.16,813.84,-636.72
304,21,13,53.6,990.02,56.57,2.97,1257.7,1209.97,669.53,601.64,463.91,116.5,482.43,569.54,727.88,-56.17,-201.12,-452.58,48.75,60.02,6.84,159.37,701.76,50.16,-546.3,32.88,-566.39,4.07,-586.98,1306.88,818.64,-634.79
305,22,13,55.19,989.72,56.58,2.97,1258.47,1210.77,671.43,602.72,464.32,116.72,481.56,569.67,727.99,-54.73,-199.78,-451.23,48.8,59.49,6.83,158.6,700.67,50.17,-545.61,33.19,-565.97,4.35,-586.88,1325.43,835.61,-634.51
306,23,13,56.28,990.77,56.57,2.97,1258.95,1211.2,670.79,602.88,464.67,116.91,481.52,570.06,728,-53.81,-199,-450.34,48.89,60.2,6.83,158.84,700.26,50.22,-545.32,33.24,-565.67,4.68,-586.46,1326.11,835.7,-634.35
307,0,14,55,990,56.58,2.97,1258.1,1210.67,671.18,602.79,464.59,116.65,481.65,569.57,727.99,-54.85,-199.76,-450.32,48.82,59.89,6.83,158.15,700.45,50.19,-545.55,33.28,-565.78,4.64,-586.18,1320.54,831.52,-634.33
308,1,14,54.49,989.74,56.57,2.97,1258.02,1210.59,670.94,603.03,464.94,116.71,481.8,569.65,727.98,-55.17,-199.96,-449.95,48.94,59.79,6.83,157.77,702.89,50.16,-545.65,33.37,-565.84,4.46,-585.8,1320.81,831.18,-634.45
309,2,14,51.44,990.37,56.57,2.97,1257.19,1209.6,670.78,602.88,464.41,116.5,482.51,569.47,728.06,-57.64,-201.77,-450.42,49.04,60.01,6.83,157.32,702.87,50.04,-546.18,33.22,-566.1,4.24,-585.51,1318.5,829.81,-634.44
310,3,14,51.14,989.77,56.57,2.97,1257.15,1209.49,670.31,603.01,464.46,116.51,482.58,569.48,728.04,-57.8,-201.87,-450.07,49.05,59.89,6.82,156.91,701.99,49.94,-546.5,33.09,-566.25,4.23,-585.38,1314.4,828.48,-634.82
311,4,14,44.58,996.7,56.98,2.99,1254.7,1207.52,668.76,598.45,464.24,116.52,484.02,568.63,728.13,-63.28,-206.1,-452.25,48.6,59.35,6.82,155.06,702.84,49.8,-548.57,32.41,-567.84,3.48,-586.59,1313.7,829.91,-636.45
312,5,14,44.3,999.91,57.14,3,1254.98,1207.26,667.96,597.17,464.3,116.55,484.49,568.03,727.95,-63.56,-206.25,-451.76,48.23,60.03,6.83,155.74,700.54,49.83,-548.63,32.41,-567.89,3.62,-586.4,1314.58,828.85,-635.96
313,6,14,43.06,1000.01,57.14,3,1253.68,1206.83,668.63,597.18,463.81,116.57,484.64,568,728.01,-64.64,-206.99,-451.6,48.24,60.07,6.83,155.76,701.31,49.56,-548.84,32.51,-568.01,3.79,-586.17,1313.16,828.88,-635.81
314,7,14,58.87,999.58,57.14,3,1259.71,1212.66,671.57,601.78,465,117.31,481.42,569.19,727.61,-51.19,-196.33,-445.16,49.18,60.04,6.84,159.97,701.57,50.02,-545.47,33.17,-565.45,4.34,-584.44,1328.89,831.25,-634.14
315,8,14,59.58,999.56,57.15,3,1260.31,1213.16,673.85,603.74,465.52,117.51,481.56,569.43,728,-50.83,-195.69,-443.82,49.71,60,6.84,160.91,698.64,50.36,-543.89,33.64,-564.19,4.76,-584.4,1328.29,833.07,-631.34
316,9,14,76.71,1000.68,57.15,3,1268.16,1218.04,678.64,597.41,465.85,117.86,478.63,570.8,727.69,-36.58,-184.55,-437.06,51.05,59.86,6.83,164.86,696.49,50.86,-540.15,34.27,-561.12,5.37,-582.79,1340.56,835.43,-628.58
317,10,14,73.75,999.8,57.15,3,1268.74,1213.41,682.35,605.24,468.47,118.11,480.89,571.43,728.41,-39.14,-186.3,-437.17,51.8,59.77,6.85,163.77,696.09,51.19,-539.24,34.63,-560.48,5.52,-583.25,1336.65,837.69,-627.53
318,11,14,56.23,1041.72,57.18,2.98,1195.06,1154.2,671.23,609.35,449.95,117.59,451.1,557.3,693.62,-58.57,-207.94,-451.96,43.5,60.01,6.85,173.45,697.37,52.02,-564.81,34.66,-585.99,5.53,-608.88,770.49,458.39,-640.63
319,12,14,74.99,1019.56,57.13,2.96,1246.53,1197.35,701.98,603.14,472.4,117.9,485.65,572.65,722.74,-38.53,-186.76,-437.24,63.05,60.04,6.86,175.49,698.91,51.67,-539.9,35.4,-561.83,6.22,-586.79,1443.39,869.44,-628.61
320,13,14,52.27,1019.82,57.13,3,1254.48,1201.58,682.09,604.46,467.32,116.59,486.93,568.33,727.82,-57.06,-199.84,-442.89,63.3,59.72,6.85,164,699.87,51.87,-542.4,34.63,-563.57,5.54,-588.17,1401.39,912.27,-628.78
321,14,14,54.46,999.84,57.14,3,1256.77,1203.4,679.37,600.44,465.62,116.31,484.87,567.99,728.03,-54.93,-198.07,-441.51,63.94,59.7,6.85,162,700.47,52.08,-542.34,34.73,-563.57,5.33,-587.63,1387.92,904.16,-629.43
322,15,14,64.3,999.62,57.16,3,1262.87,1207.72,677.68,597.74,465.38,116.51,482.07,569.05,727.56,-46.27,-191.34,-437.36,64.49,59.88,6.85,164.08,697.46,52.15,-541.52,34.82,-562.97,5.4,-586.78,1390.84,900.76,-630.16
323,16,14,62.04,1000.59,57.13,3,1263.88,1208.63,678.89,599.74,464.62,116.42,481.64,568.16,728.15,-48.02,-192.4,-437.47,65.23,59.64,6.84,162.12,699.48,52.02,-541.19,34.71,-562.24,5.61,-585.86,1384.12,897.24,-629.4
324,17,14,41.46,1000.32,57.13,3,1254.9,1201.9,673.29,600.18,463.5,115.68,485.68,566.26,728.45,-65.37,-205.8,-444.4,63.3,59.78,6.83,156.59,701.39,51.33,-545.52,33.84,-565.43,4.77,-587.4,1361.47,889.17,-631.5
325,18,14,51.2,988.47,56.36,3,1258.01,1204.14,669.01,603.32,463.4,115.99,484.16,567.93,727.28,-57.34,-199.85,-441.06,60.12,60.02,6.84,157.4,699.92,51.34,-545.09,33.97,-565.33,4.76,-586.37,1360.95,878.01,-632.26
326,19,14,76.03,965.41,55.31,3,1272.07,1216.45,672.65,599.92,462.93,117.45,476.22,569.79,728.01,-35.55,-182.34,-430.4,63.74,60.15,6.84,159.96,700.97,51.92,-539.22,34.78,-560.25,5.24,-581.23,1344.72,847.36,-630.12
327,20,14,72.28,1000.36,57.15,3,1268.85,1213.98,672.4,600.54,464.05,117.43,478.37,569.95,727.84,-38.96,-184.99,-431.54,64.89,59.95,6.84,158.6,700.99,51.67,-540.7,34.28,-561.58,4.54,-582.68,1340.17,839.12,-631.81
328,21,14,77.35,999.79,57.13,3,1271.22,1216.26,673.51,597.39,464.93,117.47,477.11,570.22,728.01,-34.5,-181.27,-428.55,64.67,59.69,6.84,158.42,701.72,51.72,-538.87,34.49,-559.72,4.91,-580.57,1321.69,824.4,-629.92
329,22,14,76.33,1000.24,57.16,3,1270.56,1215.73,674.02,597.11,465.59,117.45,477.65,570.28,728.03,-35.42,-181.91,-428.81,63.79,59.39,6.84,157.89,701.97,51.34,-540.88,31.47,-560.23,3.5,-581.14,1321.67,827.68,-629.87
330,23,14,76.36,999.79,57.13,3,1271.55,1216.17,674.62,597.12,465.64,117.46,477.76,570.29,727.96,-35.33,-181.75,-428.42,64.49,59.93,6.84,157.28,699.24,51.17,-540.83,31.4,-560.11,3.56,-581.15,1320.73,828.87,-629.94
331,0,15,32.84,1000.09,57.16,3,1253.79,1201.98,666.25,597.6,465.87,115.9,485,566.83,729.16,-72.79,-210.81,-444.36,61.8,59.45,6.84,148.44,701.7,50.23,-548.22,31.27,-566.55,3.24,-586.76,1290.23,828.94,-632.77
332,1,15,29.61,1000.11,57.13,3,1254.23,1201.24,661.86,597.13,464.39,115.34,486.9,565.82,727.52,-75.94,-213.61,-446,60.42,60.22,6.83,151.53,700.79,49.79,-550.45,30.88,-568.63,2.97,-588.67,1291.6,828.33,-634.12
333,2,15,35.48,999.79,57.15,3,1257.2,1204.32,663.02,597.28,464.99,115.56,484.68,566.82,727.98,-70.76,-209.36,-443.11,60.02,60.05,6.83,151.82,702.5,49.69,-548.84,31.17,-567.11,2.89,-586.96,1294.56,827.72,-633.45
334,3,15,55.67,1000.07,57.15,3,1264.79,1210.04,667.03,597.28,465.62,116.38,481.26,568.1,727.5,-53.46,-195.92,-435.24,58.07,59.88,6.83,155.27,702.49,49.87,-545.4,31.67,-564.2,3.2,-584.03,1310.66,828.93,-632.25
335,4,15,72.13,999.96,57.14,3,1271.98,1216.54,669.81,599.87,464.89,117.33,477.07,569.43,727.71,-39.07,-184.41,-428.15,56.39,59.86,6.83,157.16,698.99,50.34,-541.38,32.69,-560.86,4.19,-580.77,1320.81,828.2,-630.73
336,5,15,66.94,999.86,57.15,3,1270.14,1215.33,670.52,600.97,464.85,116.98,477.94,568.38,728.34,-43.35,-187.6,-429.69,56.09,59.29,6.82,155.62,701.15,50.3,-542.16,32.36,-561.25,3.64,-580.91,1319.29,828.11,-631.56
337,6,15,73.75,999.66,57.14,3,1271.79,1216.44,671.29,602.14,465.46,117.24,477.21,568.58,727.65,-37.84,-183.41,-427.15,56.03,60.03,6.82,157.47,700.73,50.49,-541.79,31.94,-560.81,3.39,-580.43,1323.01,829.11,-630.98
338,7,15,74.28,1000.23,57.16,3,1270.89,1216.1,673.35,601.73,466.56,117.52,478.02,569.53,728.17,-37.44,-182.82,-426.19,57.37,60.25,6.82,158.46,699.7,50.85,-540.64,32.66,-560.16,3.88,-580.48,1321.71,827.93,-629.88
339,8,15,82.85,1000.13,57.14,3,1271.18,1216.36,679.22,597.65,468.21,117.54,478.03,570.54,728.04,-30.28,-177.05,-422.14,58.4,60.04,6.82,161.04,700.55,51.42,-537.75,33.69,-558.16,4.42,-580.03,1328.95,828.29,-626.6
340,9,15,89.57,999.67,57.15,3,1271.81,1217,682.2,602.63,469.31,117.57,477.39,571.64,727.78,-24.85,-172.58,-418.83,57.98,59.77,6.83,163.34,697.2,51.78,-535.56,34.25,-556.69,4.76,-580.05,1334.32,829.48,-624.87
341,10,15,83.19,1050.81,57.15,3,1265.75,1213.26,684.38,607.46,470.48,118.02,479.05,571.16,728.65,-30.44,-176.57,-420.17,58.14,59.62,6.85,162.18,696.12,52.14,-534.9,34.92,-556.49,5.4,-581.04,1328.68,831.03,-624.36
342,11,15,85.77,999.71,57.16,3,1257.11,1210.87,694.87,602.11,472.12,117.5,480.35,572.22,727.74,-28.37,-175.22,-419.17,56.66,59.42,6.85,161.55,697.9,52.29,-535.21,35.03,-557.09,5.34,-582.75,1331.29,834.02,-624.84
343,12,15,89.35,999.68,57.14,3,1258.29,1211.42,703.78,598.53,473.07,117.56,479.08,573.12,728.11,-25.01,-172.45,-417.17,55.76,59.95,6.87,160.63,695.43,52.48,-534.6,35.45,-556.99,5.23,-583.77,1335.17,833.42,-625.72
344,13,15,77.06,1000.34,57.15,3,1251.62,1205.99,703.15,598.49,473.67,117.53,481.62,572.69,728.48,-35.47,-180.4,-420.97,54.77,60.25,6.88,159.02,695.5,52.49,-536.59,34.99,-558.56,5,-585.65,1398.73,828.62,-625.27
345,14,15,51.05,999.98,57.13,3,1242.13,1197.46,696.88,602.22,472.33,116.37,486.54,570.34,728.29,-57.67,-197.6,-430.2,52.47,59.59,6.87,153.59,696.3,52.34,-541.28,34.55,-562.62,4.62,-589.66,1239.58,824.63,-627.6
346,15,15,45.96,999.72,57.14,3,1242.86,1197.31,690.65,611.04,470.44,115.61,486.94,569.42,727.82,-61.22,-200.2,-431.02,51.75,59.95,6.87,153.1,698.47,52.25,-542.46,34.43,-563.62,4.6,-590.39,1249.01,823.27,-628.37
347,16,15,52.74,988,56.37,2.96,1246.45,1200.34,689.3,610.76,470.08,115.1,484.77,569.99,727.74,-55.25,-195.34,-427.56,52.28,59.42,6.86,154.81,696.84,52.31,-541.22,34.63,-562.58,4.95,-589.22,1319.12,827.56,-627.6
348,17,15,36.04,933.44,53.19,2.8,1241.71,1196.72,686.45,609.13,470.06,114.84,486.52,570.61,729.02,-69.05,-205.63,-432.5,53.34,59.96,6.87,149.23,688.99,51.91,-542.25,34.51,-562.87,4.58,-588.64,1268.48,833.35,-627.43
349,18,15,-28.92,899.99,51.43,2.7,1212.21,1170.02,674.54,597.18,471.42,112,501.16,565.6,728.98,-125.05,-249.79,-458.11,48.26,60.15,6.88,136.63,678.79,49.62,-555.81,31.78,-573.77,2.57,-597.52,1200.16,795.38,-632.53
350,19,15,-29.75,869.92,49.64,2.61,1208.32,1165.9,674.4,597.37,473.26,111.8,503.96,566.49,728.35,-126.06,-250.78,-458.29,49.24,60.13,6.88,137.21,666.69,49.06,-556.08,31.32,-573.59,2.02,-596.79,1103.13,710.54,-632.61
351,20,15,-21.37,819.79,46.79,2.46,1209.95,1166.79,681.27,607.08,475.8,112.56,504.71,569.63,727.6,-119.38,-245.71,-454.93,51.2,59.92,6.89,138.81,646.72,48.81,-554.54,31.04,-571.77,1.73,-594.49,1136.8,724.51,-632.44
352,21,15,-40.51,800.67,45.71,2.4,1201.82,1160.33,679.04,607.11,476.63,111.93,508,568.95,728.62,-135.38,-257.76,-460.99,51.58,60.06,6.89,133.89,625.15,48.31,-556.6,30.89,-573.28,1.57,-595.12,1150.23,751.76,-632.25
353,22,15,-54.26,799.88,45.72,2.4,1194.6,1154.72,676.49,601.73,476.78,111.29,511.24,567.37,728.43,-147.06,-266.7,-465.19,57.29,59.93,6.88,132.11,598.99,47.77,-559.59,30.64,-575.81,1.51,-597.12,1141.41,753.09,-633.42
354,23,15,-76.48,800.66,45.7,2.4,1183.16,1144.46,671.56,597.14,476.94,110.01,515.78,564.59,728.26,-166.04,-281.39,-472.42,59.81,60,6.88,129.62,586.9,47.05,-564.5,30.37,-579.7,1.23,-600.3,1117.38,749.48,-635.16
355,0,16,-79.2,799.79,45.71,2.4,1180.68,1141.94,669.79,597.14,476.21,109.96,516.9,564.41,728.12,-168,-282.58,-471.45,59.94,60.02,6.88,130.38,581.05,46.98,-564.55,30.9,-579.87,1.17,-600.4,1114.85,745.72,-635.2
356,1,16,-78.22,800.21,45.73,2.4,1180.92,1141.95,672.12,597.15,476.56,109.77,516.8,564.54,728.02,-166.91,-281.37,-469.24,60.36,59.97,6.87,130.26,577,47.03,-564.33,31.22,-579.62,1.23,-599.74,1115.4,747.53,-635.22
357,2,16,-78.33,799.92,45.71,2.4,1180.91,1141.64,671.08,597.15,476.13,109.56,516.8,564.56,728.02,-166.82,-281,-467.54,60.51,59.86,6.86,130.24,574.35,46.99,-564.39,31.18,-579.46,1.85,-598.99,1111.31,746.79,-635.14
358,3,16,-79.9,800.13,45.72,2.4,1179.64,1140.58,669.5,597.14,475.94,109.51,516.81,564.53,728.05,-167.97,-281.5,-466.46,60.83,59.89,6.86,129.9,573.96,46.93,-565.02,31.07,-579.94,1.55,-599.06,1109.28,746.12,-635.5
359,4,16,-83.86,764.27,43.67,2.29,1179.42,1140.08,668.8,599.37,475.87,109.31,517.95,564.72,728.04,-171.08,-283.62,-466.27,61.57,59.98,6.85,128.73,571.63,47.07,-564.86,30.7,-579.38,1.28,-597.98,1105.47,746.26,-634.91
360,5,16,-47.63,799.74,45.71,2.4,1197.23,1153.74,672.12,597.87,474.8,110.84,511.68,567.23,727.12,-139.83,-258.63,-449.92,63.56,59.98,6.86,135.18,570.5,47.47,-558.73,31.94,-574.38,2.48,-593.45,1134.81,748.06,-633.02
361,6,16,-41.29,800.05,45.72,2.4,1198.15,1155.27,676.24,598.93,474.89,111.43,510.19,567.89,728.04,-134.27,-253.81,-445.68,64.21,59.97,6.86,134.23,569.28,47.74,-557.65,31.48,-573.02,2.34,-592.02,1141.59,750.85,-632.13
362,7,16,-38.16,799.85,45.71,2.4,1198.46,1156.12,678.9,604.36,475.82,111.83,510.18,568.05,727.92,-131.46,-251.05,-442.66,64.35,59.49,6.84,135.24,567.51,48.16,-556.62,30.55,-572,2.44,-591.56,1143.34,753.21,-630.86
363,8,16,-34.47,799.83,45.72,2.4,1199.79,1157.17,681.38,608.66,476.54,111.82,510.17,568.36,727.91,-128.09,-247.74,-438.94,65.14,60.01,6.84,137.1,565.43,48.75,-553.89,31.64,-570.1,3.06,-590.93,1144.18,751.23,-627.93
364,9,16,-24.47,799.8,45.73,2.4,1203.6,1160.07,683.41,609.37,476.94,112.47,508.7,569.41,727.86,-119.51,-240.49,-433.11,65.22,60.08,6.83,139.47,564.19,49.26,-552.33,31.01,-568.38,2.46,-590.41,1147.6,748.82,-626.86
365,10,16,-14.1,801.13,45.73,2.4,1206.55,1162.68,687.36,610.7,477.41,113.17,507.17,568.99,727.82,-110.47,-232.69,-426.38,65.48,59.93,6.86,140.92,563.15,49.96,-549.61,31.53,-566.31,2.99,-589.72,1075.16,750.68,-625.04
366,11,16,-20.64,876.13,45.71,2.4,1201.48,1158.52,690.17,607.45,478.33,113.19,509.08,568.09,728.08,-116.3,-236.88,-427.42,65.32,60.15,6.86,138.58,561.93,50.17,-550.08,31.28,-566.48,3.1,-590.74,1200.73,752.31,-625.18
